date,z_t,delta_pi_pct
2020-10-16,-1.460009,-4.205500
2020-10-17,-0.440489,-1.598600
2020-10-18,0.726431,1.748400
2020-10-19,-0.228736,-0.690500
2020-10-20,0.672024,1.515400
2020-10-21,1.615156,4.101500
2020-10-22,-0.288799,-1.011800
2020-10-23,-1.697556,-4.204900
2020-10-24,-0.211853,-0.870000
2020-10-25,1.563357,3.605700
2020-10-26,-0.290333,-1.007600
2020-10-27,0.581807,1.320800
2020-10-28,-0.164308,-0.508200
2020-10-29,-1.528469,-3.675800
2020-10-30,0.782763,2.652800
2020-10-31,-0.104568,-0.366600
2020-11-01,-0.130672,-0.391300
2020-11-02,0.732334,1.613600
2020-11-03,1.610935,4.148400
2020-11-04,0.561214,1.698400
2020-11-05,1.715619,4.233900
2020-11-06,-0.442141,-1.533400
2020-11-07,-1.934929,-4.994100
2020-11-08,-0.807010,-3.272200
2020-11-09,-0.640158,-1.890200
2020-11-10,0.916549,2.377600
2020-11-11,-0.936865,-2.651300
2020-11-12,0.722757,2.033700
2020-11-13,0.134426,0.261300
2020-11-14,-1.148610,-2.734000
2020-11-15,-0.110435,-0.436600
2020-11-16,0.291473,0.580400
2020-11-17,1.630730,3.803700
2020-11-18,-0.761352,-2.531400
2020-11-19,-0.351783,-1.069600
2020-11-20,0.519053,1.194200
2020-11-21,-0.370902,-1.020400
2020-11-22,0.973309,2.336100
2020-11-23,-1.738643,-4.909100
2020-11-24,0.927657,3.357600
2020-11-25,0.091459,0.159000
2020-11-26,0.389959,0.798200
2020-11-27,-0.379120,-1.015600
2020-11-28,0.402302,0.915500
2020-11-29,-0.229018,-0.649900
2020-11-30,-1.142561,-2.823700
2020-12-01,1.020968,3.103700
2020-12-02,-0.190346,-0.621400
2020-12-03,-0.139194,-0.418800
2020-12-04,0.840601,1.869600
2020-12-05,-1.288438,-3.562200
2020-12-06,0.759117,2.383400
2020-12-07,-0.779206,-2.141100
2020-12-08,0.221168,0.530700
2020-12-09,0.796504,1.776200
2020-12-10,-0.491731,-1.402400
2020-12-11,0.242071,0.534300
2020-12-12,0.685975,1.526900
2020-12-13,-0.568933,-1.571700
2020-12-14,-0.764918,-2.109900
2020-12-15,0.779258,2.088400
2020-12-16,-0.127648,-0.428600
2020-12-17,1.001567,2.232500
2020-12-18,-0.934151,-2.698700
2020-12-19,0.253695,0.654400
2020-12-20,0.185833,0.348000
2020-12-21,-1.250474,-3.006300
2020-12-22,1.144579,3.607100
2020-12-23,0.722709,1.980900
2020-12-24,-0.996991,-2.698900
2020-12-25,0.986971,2.863900
2020-12-26,0.996173,2.670600
2020-12-27,-2.135055,-6.027200
2020-12-28,-0.017755,-0.164400
2020-12-29,-0.607644,-1.444500
2020-12-30,1.541453,4.036800
2020-12-31,-0.593736,-1.953300
2021-01-01,-0.988537,-2.711200
2021-01-02,1.330029,3.880000
2021-01-03,0.588469,1.668900
2021-01-04,-1.904644,-4.925000
2021-01-05,1.147648,4.394600
2021-01-06,-0.552987,-1.671100
2021-01-07,0.366966,0.872600
2021-01-08,1.375142,3.241200
2021-01-09,-1.592659,-4.915800
2021-01-10,0.619138,2.111200
2021-01-11,-1.611054,-4.195600
2021-01-12,0.818866,2.845600
2021-01-13,0.515129,1.281300
2021-01-14,0.115317,0.198300
2021-01-15,-1.235753,-2.924700
2021-01-16,0.872429,2.716600
2021-01-17,0.235145,0.544400
2021-01-18,-1.281659,-3.104900
2021-01-19,-0.216846,-0.797100
2021-01-20,1.219053,2.801800
2021-01-21,0.315392,0.833300
2021-01-22,-0.807207,-2.020200
2021-01-23,-0.213097,-0.694500
2021-01-24,0.809485,1.832500
2021-01-25,0.441644,1.091300
2021-01-26,1.021977,2.425900
2021-01-27,-0.466124,-1.396400
2021-01-28,-0.360846,-1.013600
2021-01-29,-1.750250,-4.439200
2021-01-30,0.560050,2.002200
2021-01-31,1.163232,2.833100
2021-02-01,-1.381163,-4.081500
2021-02-02,-0.931523,-3.205800
2021-02-03,1.168769,3.327500
2021-02-04,0.803119,2.227500
2021-02-05,-0.774249,-2.152100
2021-02-06,0.193529,0.452200
2021-02-07,1.450081,3.287200
2021-02-08,-2.232516,-6.971700
2021-02-09,1.773433,7.514800
2021-02-10,-0.430603,-1.501200
2021-02-11,-0.565923,-1.519600
2021-02-12,-0.534236,-1.500300
2021-02-13,1.358781,3.460200
2021-02-14,-0.439092,-1.414200
2021-02-15,-0.088591,-0.314900
2021-02-16,-0.156169,-0.448600
2021-02-17,1.111045,2.514300
2021-02-18,-1.172487,-3.443600
2021-02-19,0.151270,0.385700
2021-02-20,1.089430,2.418800
2021-02-21,-2.128589,-6.150900
2021-02-22,0.997706,4.065300
2021-02-23,-0.055060,-0.242400
2021-02-24,0.524866,1.100500
2021-02-25,-0.493091,-1.330200
2021-02-26,-0.835115,-2.248000
2021-02-27,2.370100,6.676400
2021-02-28,-1.166592,-4.480000
2021-03-01,0.650695,1.944300
2021-03-02,0.562343,1.355800
2021-03-03,-1.616747,-4.180900
2021-03-04,-0.408557,-1.557700
2021-03-05,1.829868,4.494500
2021-03-06,-0.136823,-0.548300
2021-03-07,-1.308750,-3.121800
2021-03-08,1.308940,4.211400
2021-03-09,-0.286026,-0.940000
2021-03-10,-0.219617,-0.622800
2021-03-11,0.543602,1.206800
2021-03-12,-0.161094,-0.496700
2021-03-13,-0.113536,-0.356400
2021-03-14,0.240797,0.467000
2021-03-15,0.449907,0.972000
2021-03-16,-0.539391,-1.423500
2021-03-17,-0.009016,-0.113900
2021-03-18,0.021283,-0.042600
2021-03-19,0.216318,0.396600
2021-03-20,-0.316970,-0.835000
2021-03-21,1.442628,3.453500
2021-03-22,-0.906671,-2.877900
2021-03-23,-1.140660,-3.406300
2021-03-24,1.301395,3.965500
2021-03-25,-0.421908,-1.342700
2021-03-26,1.590842,3.924000
2021-03-27,-2.854202,-9.153200
2021-03-28,1.123663,5.689100
2021-03-29,-0.080661,-0.318600
2021-03-30,0.452921,0.944600
2021-03-31,-0.391367,-1.058800
2021-04-01,2.179282,5.376400
2021-04-02,0.497394,1.708100
2021-04-03,-0.776532,-2.016100
2021-04-04,0.507878,1.336000
2021-04-05,1.046512,2.522100
2021-04-06,-0.153523,-0.522700
2021-04-07,-0.299866,-0.790300
2021-04-08,-0.149081,-0.454700
2021-04-09,0.710884,1.571000
2021-04-10,0.060483,0.068100
2021-04-11,0.230251,0.431100
2021-04-12,-2.135519,-5.122600
2021-04-13,0.853868,3.484700
2021-04-14,-0.168188,-0.540400
2021-04-15,-1.179552,-2.858100
2021-04-16,1.261150,3.899400
2021-04-17,-0.579438,-1.794700
2021-04-18,0.182621,0.392400
2021-04-19,0.575351,1.247900
2021-04-20,0.301210,0.675300
2021-04-21,-0.605859,-1.537700
2021-04-22,-0.880964,-2.445000
2021-04-23,0.321567,0.839700
2021-04-24,-0.044566,-0.197000
2021-04-25,1.846921,4.097000
2021-04-26,-0.491810,-1.745600
2021-04-27,1.669414,4.200500
2021-04-28,-0.919229,-3.059200
2021-04-29,0.039953,0.026200
2021-04-30,-1.795860,-4.131200
2021-05-01,1.411530,5.263400
2021-05-02,-1.314607,-4.075500
2021-05-03,-0.170605,-0.649400
2021-05-04,1.780752,4.077100
2021-05-05,-1.046410,-3.559400
2021-05-06,1.134281,3.340800
2021-05-07,-0.481650,-1.469000
2021-05-08,-0.155912,-0.490900
2021-05-09,0.997530,2.243600
2021-05-10,0.227139,0.543300
2021-05-11,-1.238564,-2.996800
2021-05-12,1.022847,3.202000
2021-05-13,-0.166739,-0.555500
2021-05-14,-0.087257,-0.294800
2021-05-15,-0.846366,-2.034000
2021-05-16,-0.920186,-2.731300
2021-05-17,2.501940,7.220400
2021-05-18,-1.263213,-4.981900
2021-05-19,0.209879,0.584500
2021-05-20,0.495096,1.064400
2021-05-21,-0.774544,-2.024300
2021-05-22,0.242300,0.589700
2021-05-23,1.385113,3.170700
2021-05-24,-0.369990,-1.214300
2021-05-25,-1.302516,-3.326100
2021-05-26,0.481750,1.488200
2021-05-27,0.174660,0.342100
2021-05-28,-0.223171,-0.609000
2021-05-29,1.555178,3.627000
2021-05-30,-0.394391,-1.333900
2021-05-31,-1.014258,-2.626500
2021-06-01,-0.292169,-0.969900
2021-06-02,0.896228,2.086300
2021-06-03,-0.331253,-0.993300
2021-06-04,-0.223606,-0.640500
2021-06-05,1.222749,2.830000
2021-06-06,-0.636775,-1.956300
2021-06-07,-0.055512,-0.239500
2021-06-08,1.122026,2.456800
2021-06-09,-0.458542,-1.405600
2021-06-10,0.104378,0.176100
2021-06-11,0.370237,0.756600
2021-06-12,0.377036,0.825900
2021-06-13,-2.648350,-6.528800
2021-06-14,1.203691,5.764100
2021-06-15,-1.103627,-3.272800
2021-06-16,-1.167673,-3.690500
2021-06-17,0.659578,1.979600
2021-06-18,-2.436845,-6.368600
2021-06-19,-0.268793,-1.317800
2021-06-20,1.955995,4.594900
2021-06-21,1.121362,3.772300
2021-06-22,-0.445311,-1.358600
2021-06-23,-1.837923,-4.763200
2021-06-24,-0.039070,-0.240000
2021-06-25,1.145675,2.482700
2021-06-26,0.010707,-0.059400
2021-06-27,-0.168161,-0.466300
2021-06-28,-0.155647,-0.456600
2021-06-29,1.415967,3.227200
2021-06-30,0.169561,0.428400
2021-07-01,-1.109533,-2.657200
2021-07-02,0.440708,1.275900
2021-07-03,-0.380579,-1.024800
2021-07-04,0.074166,0.095200
2021-07-05,0.143855,0.236700
2021-07-06,0.964666,2.139900
2021-07-07,-2.356310,-6.616800
2021-07-08,0.635601,2.741200
2021-07-09,1.787791,4.464800
2021-07-10,-1.801436,-6.063300
2021-07-11,0.712721,2.599900
2021-07-12,1.055380,2.652400
2021-07-13,-0.982045,-2.859900
2021-07-14,1.367402,3.979600
2021-07-15,-0.615106,-1.944400
2021-07-16,-1.593929,-4.345700
2021-07-17,1.276419,4.459600
2021-07-18,0.212144,0.534600
2021-07-19,-2.673565,-6.337900
2021-07-20,0.080905,0.306400
2021-07-21,1.671038,3.671100
2021-07-22,0.189240,0.522500
2021-07-23,-0.916279,-2.217300
2021-07-24,0.327475,0.868900
2021-07-25,0.602937,1.355100
2021-07-26,0.858282,2.103400
2021-07-27,-1.226862,-3.404100
2021-07-28,-0.548817,-1.846600
2021-07-29,1.886481,4.844300
2021-07-30,-0.588049,-2.082100
2021-07-31,0.009487,-0.065200
2021-08-01,-2.688062,-6.108100
2021-08-02,1.357233,6.597400
2021-08-03,0.666648,1.897900
2021-08-04,-1.122972,-2.990500
2021-08-05,0.933553,2.809800
2021-08-06,-2.049337,-5.700000
2021-08-07,2.448173,9.879000
2021-08-08,-1.405101,-5.437500
2021-08-09,-0.118300,-0.486900
2021-08-10,-0.628464,-1.538100
2021-08-11,1.574111,4.147700
2021-08-12,-1.217755,-3.938600
2021-08-13,1.562804,4.884600
2021-08-14,-0.504475,-1.676100
2021-08-15,-1.370065,-3.628800
2021-08-16,1.182652,3.859700
2021-08-17,0.893496,2.490500
2021-08-18,-1.845909,-5.104800
2021-08-19,0.255989,0.891900
2021-08-20,-0.472397,-1.200000
2021-08-21,0.163429,0.329900
2021-08-22,2.481544,5.659700
2021-08-23,-1.976495,-7.739200
2021-08-24,0.375358,1.397300
2021-08-25,-0.364002,-0.967700
2021-08-26,2.535137,6.221000
2021-08-27,-0.878673,-3.527000
2021-08-28,-0.713468,-2.139200
2021-08-29,-0.715104,-2.056900
2021-08-30,1.417428,3.812500
2021-08-31,-1.136976,-3.560000
2021-09-01,1.715289,5.245300
2021-09-02,-0.739185,-2.494300
2021-09-03,0.498368,1.287800
2021-09-04,0.591960,1.384700
2021-09-05,0.305713,0.688700
2021-09-06,-0.387536,-1.017000
2021-09-07,-1.162269,-3.004200
2021-09-08,0.424636,1.244800
2021-09-09,-0.809000,-2.069300
2021-09-10,-0.582553,-1.742300
2021-09-11,0.590186,1.472000
2021-09-12,1.027225,2.523500
2021-09-13,0.394887,1.016900
2021-09-14,-1.700851,-4.231700
2021-09-15,0.934150,3.350900
2021-09-16,-0.424819,-1.250000
2021-09-17,-0.090081,-0.318100
2021-09-18,-0.300853,-0.780900
2021-09-19,0.202908,0.406000
2021-09-20,1.001827,2.253300
2021-09-21,-0.203944,-0.659700
2021-09-22,-0.141638,-0.425900
2021-09-23,0.050569,0.027700
2021-09-24,0.950380,2.061200
2021-09-25,0.516781,1.337100
2021-09-26,-0.895057,-2.329600
2021-09-27,0.411281,1.105400
2021-09-28,-1.017553,-2.575400
2021-09-29,0.774652,2.245100
2021-09-30,0.099788,0.173600
2021-10-01,0.653482,1.402100
2021-10-02,-1.437858,-3.809500
2021-10-03,-0.385106,-1.402300
2021-10-04,1.224300,2.958900
2021-10-05,-0.309902,-0.998100
2021-10-06,-0.832680,-2.124000
2021-10-07,0.154108,0.349800
2021-10-08,0.047689,0.019800
2021-10-09,-0.365622,-0.917600
2021-10-10,1.334831,3.237900
2021-10-11,-0.240246,-0.811400
2021-10-12,0.408683,0.887300
2021-10-13,-1.319300,-3.321000
2021-10-14,0.918376,2.934400
2021-10-15,-0.638966,-1.831800
2021-10-16,2.169960,5.753500
2021-10-17,-0.492582,-1.865500
2021-10-18,-0.661915,-1.790000
2021-10-19,-0.576775,-1.655600
2021-10-20,-0.713284,-1.976600
2021-10-21,0.045458,0.034900
2021-10-22,1.612622,3.546200
2021-10-23,0.229928,0.644700
2021-10-24,-0.522888,-1.315300
2021-10-25,0.156881,0.319100
2021-10-26,-0.076743,-0.267800
2021-10-27,-0.136211,-0.402200
2021-10-28,-0.685866,-1.688800
2021-10-29,0.083939,0.139500
2021-10-30,0.404924,0.830700
2021-10-31,0.609137,1.401400
2021-11-01,0.990696,2.444400
2021-11-02,0.190030,0.438200
2021-11-03,-0.897728,-2.179900
2021-11-04,-0.780441,-2.363700
2021-11-05,1.875890,5.169700
2021-11-06,-1.300436,-4.479700
2021-11-07,0.135697,0.351800
2021-11-08,0.875449,1.917900
2021-11-09,-0.559797,-1.610800
2021-11-10,0.033473,-0.002200
2021-11-11,0.304643,0.595400
2021-11-12,-1.156203,-2.860200
2021-11-13,0.492408,1.456300
2021-11-14,0.918390,2.190200
2021-11-15,-0.258770,-0.798900
2021-11-16,0.492490,1.096000
2021-11-17,-0.832098,-2.165700
2021-11-18,0.255093,0.637800
2021-11-19,0.951950,2.156600
2021-11-20,-0.843405,-2.419000
2021-11-21,0.876655,2.415900
2021-11-22,-2.343711,-6.434600
2021-11-23,0.983716,4.277500
2021-11-24,-0.273548,-0.842900
2021-11-25,0.086101,0.118000
2021-11-26,0.131469,0.209500
2021-11-27,0.090126,0.117500
2021-11-28,0.847854,1.846300
2021-11-29,0.025401,-0.021700
2021-11-30,-0.009538,-0.111700
2021-12-01,-0.121803,-0.363900
2021-12-02,-0.992437,-2.394300
2021-12-03,0.094713,0.193400
2021-12-04,-0.049560,-0.203100
2021-12-05,0.227195,0.426000
2021-12-06,2.334371,5.406600
2021-12-07,-0.972731,-3.733500
2021-12-08,-0.975831,-2.973100
2021-12-09,1.061152,3.059900
2021-12-10,0.928838,2.526800
2021-12-11,-0.996156,-2.818700
2021-12-12,-0.758059,-2.357000
2021-12-13,1.064446,2.873600
2021-12-14,-0.672531,-1.988600
2021-12-15,0.739852,1.920700
2021-12-16,-0.173780,-0.547100
2021-12-17,-2.028332,-4.859000
2021-12-18,1.124652,4.472900
2021-12-19,-0.278710,-0.882500
2021-12-20,1.739677,4.122100
2021-12-21,-1.437772,-4.811200
2021-12-22,0.412456,1.309300
2021-12-23,-0.875905,-2.224500
2021-12-24,1.193582,3.361800
2021-12-25,-0.655684,-1.993300
2021-12-26,-0.505809,-1.457700
2021-12-27,2.091866,5.328200
2021-12-28,-0.194128,-0.778400
2021-12-29,-0.718176,-1.780400
2021-12-30,-0.299672,-0.918300
2021-12-31,0.380596,0.837400
2022-01-01,-0.876318,-2.222300
2022-01-02,-0.090271,-0.351400
2022-01-03,-0.131856,-0.392300
2022-01-04,0.962927,2.151100
2022-01-05,0.299585,0.739100
2022-01-06,-1.643432,-4.009500
2022-01-07,1.386082,4.932200
2022-01-08,0.555279,1.584900
2022-01-09,0.214242,0.449500
2022-01-10,-2.292116,-5.463000
2022-01-11,1.040636,4.471800
2022-01-12,-0.559492,-1.649400
2022-01-13,-1.449802,-3.903300
2022-01-14,0.559810,1.823100
2022-01-15,-0.039185,-0.188900
2022-01-16,1.587062,3.499200
2022-01-17,-0.903435,-2.961800
2022-01-18,1.037738,2.922000
2022-01-19,-0.906921,-2.633400
2022-01-20,0.461943,1.254800
2022-01-21,-0.215749,-0.623100
2022-01-22,1.134947,2.613900
2022-01-23,-0.500852,-1.529900
2022-01-24,0.271138,0.610300
2022-01-25,-2.434010,-5.865200
2022-01-26,1.019678,4.568900
2022-01-27,-0.152862,-0.514000
2022-01-28,-0.487884,-1.229300
2022-01-29,0.592559,1.440300
2022-01-30,-0.551545,-1.495000
2022-01-31,-0.154240,-0.495600
2022-02-01,1.234444,2.795400
2022-02-02,-2.016652,-6.017300
2022-02-03,2.181301,8.697100
2022-02-04,-0.565108,-2.118300
2022-02-05,-0.434162,-1.229200
2022-02-06,-0.648197,-1.735200
2022-02-07,1.407768,3.715700
2022-02-08,-0.975305,-3.061200
2022-02-09,-0.115658,-0.433400
2022-02-10,0.332333,0.676300
2022-02-11,-1.189521,-2.956300
2022-02-12,2.006466,6.273000
2022-02-13,-0.899621,-3.209100
2022-02-14,0.238553,0.600400
2022-02-15,-0.630512,-1.572700
2022-02-16,0.881277,2.283000
2022-02-17,-1.533657,-4.250200
2022-02-18,1.728576,5.961800
2022-02-19,-0.596222,-2.031200
2022-02-20,-0.604280,-1.692600
2022-02-21,-0.019355,-0.141900
2022-02-22,1.337761,2.914900
2022-02-23,-1.197939,-3.694600
2022-02-24,0.220455,0.608000
2022-02-25,1.953707,4.478000
2022-02-26,-0.118437,-0.498200
2022-02-27,-0.102015,-0.325200
2022-02-28,-0.348138,-0.893500
2022-03-01,0.277396,0.597600
2022-03-02,-0.123121,-0.383000
2022-03-03,-1.821689,-4.317100
2022-03-04,1.202524,4.503000
2022-03-05,-0.208844,-0.694800
2022-03-06,-1.892284,-4.577900
2022-03-07,0.989946,3.768700
2022-03-08,-0.030068,-0.173300
2022-03-09,0.595412,1.250700
2022-03-10,-1.680337,-4.382400
2022-03-11,1.179801,4.226300
2022-03-12,-0.880653,-2.628500
2022-03-13,0.407974,1.088000
2022-03-14,1.404444,3.337600
2022-03-15,-1.993898,-6.169900
2022-03-16,1.409956,5.548500
2022-03-17,-0.700657,-2.211700
2022-03-18,-0.259342,-0.800200
2022-03-19,1.120881,2.610100
2022-03-20,-0.395028,-1.222000
2022-03-21,0.474076,1.097300
2022-03-22,-1.232290,-3.149400
2022-03-23,0.896434,2.787100
2022-03-24,-1.130709,-3.158500
2022-03-25,0.401828,1.159800
2022-03-26,1.028824,2.414300
2022-03-27,-1.152723,-3.325800
2022-03-28,0.585161,1.740900
2022-03-29,0.607821,1.450300
2022-03-30,-0.899911,-2.390700
2022-03-31,0.320372,0.842100
2022-04-01,0.592873,1.328900
2022-04-02,0.042144,0.017200
2022-04-03,-0.125261,-0.372900
2022-04-04,0.069706,0.071700
2022-04-05,-0.873714,-2.076700
2022-04-06,0.981405,2.749600
2022-04-07,-0.955832,-2.737600
2022-04-08,0.662178,1.866100
2022-04-09,0.608094,1.478900
2022-04-10,-1.552169,-4.057100
2022-04-11,-0.286518,-1.099900
2022-04-12,1.652447,3.905700
2022-04-13,-0.512175,-1.740000
2022-04-14,0.976563,2.436600
2022-04-15,-0.317952,-0.971600
2022-04-16,0.084590,0.117000
2022-04-17,-0.665654,-1.607300
2022-04-18,0.790350,2.061300
2022-04-19,0.846464,2.159700
2022-04-20,-0.413192,-1.202700
2022-04-21,-0.315870,-0.886600
2022-04-22,-1.261589,-3.184700
2022-04-23,1.665788,5.303800
2022-04-24,-0.953007,-3.154000
2022-04-25,-0.122125,-0.449900
2022-04-26,0.179975,0.325700
2022-04-27,0.605819,1.321100
2022-04-28,-1.025824,-2.715100
2022-04-29,1.052509,3.088000
2022-04-30,-0.524724,-1.565500
2022-05-01,1.932403,4.939700
2022-05-02,-1.008183,-3.540200
2022-05-03,-0.894777,-2.765300
2022-05-04,0.623247,1.716100
2022-05-05,0.461886,1.091800
2022-05-06,-0.160700,-0.488000
2022-05-07,-1.073411,-2.606800
2022-05-08,0.490631,1.414300
2022-05-09,-1.951201,-4.935400
2022-05-10,0.606244,2.312300
2022-05-11,0.028182,-0.018800
2022-05-12,1.105071,2.395600
2022-05-13,-0.619451,-1.860800
2022-05-14,-1.010643,-2.794300
2022-05-15,1.458617,4.291500
2022-05-16,-0.725126,-2.320100
2022-05-17,-0.685180,-1.978900
2022-05-18,1.259892,3.348300
2022-05-19,0.606619,1.698000
2022-05-20,-1.293415,-3.387400
2022-05-21,1.144613,3.648500
2022-05-22,-1.089858,-3.213100
2022-05-23,0.130075,0.309200
2022-05-24,-0.034370,-0.169100
2022-05-25,0.888573,1.919700
2022-05-26,-0.514228,-1.491400
2022-05-27,0.818265,2.034200
2022-05-28,-0.465632,-1.336600
2022-05-29,-0.715496,-1.922200
2022-05-30,1.042927,2.785100
2022-05-31,-0.487204,-1.459200
2022-06-01,-0.059242,-0.242800
2022-06-02,0.826438,1.789200
2022-06-03,-0.683534,-1.927200
2022-06-04,1.015821,2.682000
2022-06-05,-0.246331,-0.778400
2022-06-06,-0.314408,-0.844600
2022-06-07,-0.036686,-0.180300
2022-06-08,1.294278,2.836100
2022-06-09,-1.431645,-4.356200
2022-06-10,2.064466,6.913800
2022-06-11,-1.816262,-6.460800
2022-06-12,0.934037,3.447300
2022-06-13,-0.545638,-1.579100
2022-06-14,0.868142,2.184500
2022-06-15,0.095306,0.167600
2022-06-16,-0.937348,-2.228000
2022-06-17,-0.186809,-0.641000
2022-06-18,0.352352,0.739700
2022-06-19,1.143179,2.675300
2022-06-20,0.272916,0.695400
2022-06-21,-1.226263,-2.995600
2022-06-22,0.084225,0.179800
2022-06-23,0.698925,1.495300
2022-06-24,-1.326118,-3.555400
2022-06-25,1.257014,4.053500
2022-06-26,-0.726647,-2.224300
2022-06-27,0.461704,1.183900
2022-06-28,-0.496548,-1.317600
2022-06-29,0.688059,1.689800
2022-06-30,-0.709230,-1.935000
2022-07-01,0.054077,0.058500
2022-07-02,0.779867,1.671700
2022-07-03,-2.049236,-5.541700
2022-07-04,1.068245,4.261700
2022-07-05,-0.258635,-0.816300
2022-07-06,0.299745,0.631400
2022-07-07,0.531361,1.179900
2022-07-08,-0.067059,-0.259000
2022-07-09,-0.323652,-0.828300
2022-07-10,1.757825,4.238400
2022-07-11,-0.290199,-1.046700
2022-07-12,-1.292954,-3.223800
2022-07-13,0.181777,0.503900
2022-07-14,1.200629,2.691800
2022-07-15,-0.592439,-1.818800
2022-07-16,-0.528814,-1.493500
2022-07-17,1.292752,3.282000
2022-07-18,-0.013602,-0.130700
2022-07-19,-1.100119,-2.553000
2022-07-20,-0.690733,-2.226800
2022-07-21,0.687634,1.785900
2022-07-22,0.091008,0.146200
2022-07-23,-1.226246,-2.886100
2022-07-24,1.756168,5.544700
2022-07-25,-1.223936,-4.104800
2022-07-26,0.162932,0.429000
2022-07-27,-0.953420,-2.291300
2022-07-28,2.352153,6.875300
2022-07-29,-0.662737,-2.572700
2022-07-30,-1.160963,-3.222000
2022-07-31,1.718749,5.304900
2022-08-01,-1.346155,-4.471000
2022-08-02,1.875909,6.107400
2022-08-03,-1.171084,-4.032300
2022-08-04,-0.207802,-0.742100
2022-08-05,-0.254102,-0.691900
2022-08-06,0.721306,1.649000
2022-08-07,0.957207,2.420700
2022-08-08,-0.756324,-2.177300
2022-08-09,-0.568016,-1.673200
2022-08-10,-0.203678,-0.627300
2022-08-11,1.102183,2.523700
2022-08-12,-0.404931,-1.245900
2022-08-13,0.488313,1.136600
2022-08-14,-0.239471,-0.686600
2022-08-15,-1.116747,-2.769300
2022-08-16,1.039402,3.136700
2022-08-17,0.093783,0.172500
2022-08-18,1.345433,2.975300
2022-08-19,-1.222017,-3.772400
2022-08-20,0.098495,0.223900
2022-08-21,0.723602,1.556600
2022-08-22,-0.806068,-2.207900
2022-08-23,0.707939,1.913200
2022-08-24,-0.128126,-0.424500
2022-08-25,1.452738,3.280200
2022-08-26,-1.431451,-4.505400
2022-08-27,-0.325972,-1.195500
2022-08-28,0.361031,0.793500
2022-08-29,0.026991,-0.024900
2022-08-30,0.198244,0.355900
2022-08-31,-0.401094,-1.028900
2022-09-01,0.522790,1.226100
2022-09-02,0.135381,0.249400
2022-09-03,-1.024035,-2.449400
2022-09-04,1.568147,4.650900
2022-09-05,-0.246997,-0.868300
2022-09-06,-0.260235,-0.713500
2022-09-07,1.348135,3.165700
2022-09-08,-1.164875,-3.598900
2022-09-09,0.049152,0.063900
2022-09-10,0.584908,1.226900
2022-09-11,-0.530063,-1.441100
2022-09-12,0.882036,2.213000
2022-09-13,-0.034271,-0.183300
2022-09-14,-1.851126,-4.265700
2022-09-15,0.476331,1.745800
2022-09-16,-0.484902,-1.286000
2022-09-17,0.428516,1.014600
2022-09-18,0.237691,0.493600
2022-09-19,0.560966,1.232000
2022-09-20,-0.113980,-0.379000
2022-09-21,0.423028,0.887600
2022-09-22,-0.666492,-1.728500
2022-09-23,-0.505790,-1.465800
2022-09-24,1.175750,2.954900
2022-09-25,-0.942318,-2.819500
2022-09-26,1.171122,3.353500
2022-09-27,-0.691853,-2.087800
2022-09-28,0.462427,1.173300
2022-09-29,0.423974,0.958000
2022-09-30,-2.062330,-5.154800
2022-10-01,-0.023545,-0.186700
2022-10-02,1.315312,2.847000
2022-10-03,0.446623,1.247000
2022-10-04,-0.072971,-0.269800
2022-10-05,-0.020883,-0.138000
2022-10-06,-0.973674,-2.284200
2022-10-07,0.329869,0.892800
2022-10-08,-0.281975,-0.766400
2022-10-09,1.141617,2.684500
2022-10-10,0.487167,1.311600
2022-10-11,-1.012372,-2.604900
2022-10-12,0.894813,2.602500
2022-10-13,-2.227710,-6.139600
2022-10-14,0.505708,2.079900
2022-10-15,0.780179,1.842600
2022-10-16,-0.422698,-1.213100
2022-10-17,0.933933,2.271300
2022-10-18,-0.752833,-2.158300
2022-10-19,0.278071,0.683900
2022-10-20,0.006439,-0.075000
2022-10-21,0.692195,1.461100
2022-10-22,-0.692978,-1.898700
2022-10-23,1.337495,3.571800
2022-10-24,-0.597472,-1.881900
2022-10-25,-0.286805,-0.852100
2022-10-26,-1.371363,-3.422500
2022-10-27,1.079133,3.519000
2022-10-28,-0.775948,-2.280900
2022-10-29,-0.024170,-0.158000
2022-10-30,0.261453,0.497400
2022-10-31,1.279486,2.946000
2022-11-01,-0.951978,-2.915400
2022-11-02,0.232715,0.595700
2022-11-03,-0.578433,-1.448100
2022-11-04,0.880676,2.245500
2022-11-05,-0.888221,-2.499800
2022-11-06,0.667610,1.844100
2022-11-07,-0.194055,-0.591800
2022-11-08,0.208171,0.402200
2022-11-09,0.833849,1.863700
2022-11-10,0.441928,1.098700
2022-11-11,-0.310975,-0.855900
2022-11-12,-0.279041,-0.774000
2022-11-13,-0.175613,-0.516600
2022-11-14,0.067962,0.069800
2022-11-15,0.910232,1.977900
2022-11-16,-1.091787,-3.079100
2022-11-17,-0.413114,-1.360700
2022-11-18,-0.555270,-1.487000
2022-11-19,3.517915,9.166300
2022-11-20,-0.752505,-3.742400
2022-11-21,-1.528157,-4.304200
2022-11-22,0.798343,2.699600
2022-11-23,0.401169,0.973500
2022-11-24,-0.707675,-1.817400
2022-11-25,-0.319269,-0.969200
2022-11-26,0.161190,0.304900
2022-11-27,1.291004,2.902000
2022-11-28,-1.236689,-3.771100
2022-11-29,1.495703,4.702300
2022-11-30,-0.572142,-1.862200
2022-12-01,0.099418,0.171700
2022-12-02,-0.818993,-1.960600
2022-12-03,0.377142,0.983600
2022-12-04,0.297669,0.631500
2022-12-05,0.913326,2.091700
2022-12-06,-0.160614,-0.529900
2022-12-07,0.040113,0.003600
2022-12-08,-1.969212,-4.537700
2022-12-09,1.273490,4.991400
2022-12-10,0.403586,1.095500
2022-12-11,-2.437695,-6.032600
2022-12-12,0.749732,3.337600
2022-12-13,-0.132068,-0.435200
2022-12-14,-0.618549,-1.527000
2022-12-15,-0.120904,-0.414800
2022-12-16,0.070473,0.072800
2022-12-17,2.575716,5.767100
2022-12-18,-0.235812,-1.022300
2022-12-19,-1.130511,-2.778600
2022-12-20,-0.790021,-2.553300
2022-12-21,1.419870,3.897700
2022-12-22,0.191126,0.493100
2022-12-23,-0.693454,-1.702300
2022-12-24,-0.120028,-0.419600
2022-12-25,0.173733,0.311500
2022-12-26,0.111147,0.168300
2022-12-27,-1.298278,-3.069000
2022-12-28,0.794023,2.511600
2022-12-29,-1.227371,-3.345300
2022-12-30,1.221177,3.819500
2022-12-31,1.524739,4.354500
2023-01-01,-1.323629,-4.222400
2023-01-02,0.787120,2.494900
2023-01-03,-0.716653,-1.987900
2023-01-04,0.779410,2.058100
2023-01-05,-0.810301,-2.238500
2023-01-06,-1.477151,-4.275200
2023-01-07,1.862711,6.319600
2023-01-08,-0.970798,-3.346400
2023-01-09,1.256421,3.626200
2023-01-10,-1.189474,-3.589400
2023-01-11,1.076781,3.313200
2023-01-12,-2.589591,-7.404200
2023-01-13,1.016487,4.757000
2023-01-14,-0.990440,-2.831800
2023-01-15,1.721413,5.047500
2023-01-16,-0.293725,-1.047500
2023-01-17,-0.464093,-1.216400
2023-01-18,-0.004962,-0.103000
2023-01-19,0.445122,0.906100
2023-01-20,-0.134026,-0.421500
2023-01-21,-1.689241,-4.019800
2023-01-22,0.287090,0.964500
2023-01-23,0.127917,0.212500
2023-01-24,3.017324,6.856200
2023-01-25,-0.510158,-2.312400
2023-01-26,-1.484152,-3.909000
2023-01-27,0.988246,3.322900
2023-01-28,-0.202455,-0.650200
2023-01-29,0.177500,0.330200
2023-01-30,0.917895,2.046100
2023-01-31,-1.653336,-4.622200
2023-02-01,0.330698,1.108700
2023-02-02,1.442800,3.358600
2023-02-03,0.182563,0.471300
2023-02-04,-2.177048,-5.140900
2023-02-05,1.175756,4.894000
2023-02-06,-1.459644,-4.283200
2023-02-07,0.626947,2.055600
2023-02-08,-1.216614,-3.197800
2023-02-09,0.129316,0.322700
2023-02-10,0.515435,1.090800
2023-02-11,0.126818,0.227900
2023-02-12,0.136331,0.223200
2023-02-13,-0.322856,-0.835300
2023-02-14,0.339709,0.745900
2023-02-15,1.471683,3.457500
2023-02-16,-1.076736,-3.423100
2023-02-17,0.857685,2.530300
2023-02-18,-0.018836,-0.141000
2023-02-19,-2.224458,-5.085800
2023-02-20,1.211372,5.119700
2023-02-21,-1.060461,-3.159800
2023-02-22,1.993705,5.979100
2023-02-23,-2.326050,-8.137100
2023-02-24,0.841372,3.611000
2023-02-25,-0.107630,-0.377300
2023-02-26,0.841777,1.850300
2023-02-27,-0.465681,-1.345700
2023-02-28,-0.042897,-0.200100
2023-03-01,-0.038223,-0.176800
2023-03-02,-1.169149,-2.738500
2023-03-03,1.701744,5.280000
2023-03-04,0.040496,0.041000
2023-03-05,0.199999,0.359000
2023-03-06,-0.999313,-2.429800
2023-03-07,0.337272,0.921800
2023-03-08,-0.144713,-0.437800
2023-03-09,-0.348245,-0.903300
2023-03-10,-0.365020,-0.995300
2023-03-11,0.657500,1.546300
2023-03-12,0.417908,0.990100
2023-03-13,-1.131232,-2.862500
2023-03-14,0.315257,0.892300
2023-03-15,0.396884,0.857600
2023-03-16,0.671472,1.549800
2023-03-17,-1.588128,-4.209900
2023-03-18,-0.069159,-0.336500
2023-03-19,2.396677,5.346600
2023-03-20,-0.320387,-1.307600
2023-03-21,-0.509953,-1.334200
2023-03-22,0.952929,2.385300
2023-03-23,-0.615833,-1.788300
2023-03-24,-0.858770,-2.386900
2023-03-25,-0.522797,-1.592400
2023-03-26,1.510403,3.837600
2023-03-27,-1.699005,-5.387600
2023-03-28,2.080916,7.539600
2023-03-29,0.208859,0.644000
2023-03-30,-0.744865,-1.824500
2023-03-31,-0.655522,-1.916100
2023-04-01,-0.413217,-1.208100
2023-04-02,1.774630,4.383300
2023-04-03,-0.391275,-1.384100
2023-04-04,-1.405566,-3.599000
2023-04-05,0.424686,1.343800
2023-04-06,0.882299,2.065500
2023-04-07,-0.369252,-1.093700
2023-04-08,-0.069692,-0.263700
2023-04-09,-0.621572,-1.509000
2023-04-10,1.107208,2.885100
2023-04-11,0.274100,0.691200
2023-04-12,-2.448824,-5.894600
2023-04-13,1.403258,6.349600
2023-04-14,-0.187020,-0.654400
2023-04-15,-1.134803,-2.762500
2023-04-16,0.340598,0.973100
2023-04-17,-0.895613,-2.241200
2023-04-18,0.090038,0.171700
2023-04-19,-0.177576,-0.494300
2023-04-20,0.471858,1.023000
2023-04-21,0.223768,0.465500
2023-04-22,0.531937,1.159500
2023-04-23,0.575152,1.357400
2023-04-24,-1.969499,-5.089300
2023-04-25,1.861794,7.325100
2023-04-26,0.250203,0.746700
2023-04-27,-3.260980,-7.758500
2023-04-28,0.873373,4.996300
2023-04-29,0.237811,0.545400
2023-04-30,-2.659353,-6.350100
2023-05-01,1.365736,6.577300
2023-05-02,-1.180266,-3.617400
2023-05-03,-0.301107,-1.039200
2023-05-04,1.292120,3.053600
2023-05-05,0.402492,1.107000
2023-05-06,-0.637169,-1.642800
2023-05-07,-0.344842,-1.020200
2023-05-08,-0.561778,-1.478400
2023-05-09,0.829964,2.098400
2023-05-10,-1.018220,-2.822000
2023-05-11,3.442518,10.273800
2023-05-12,-1.202241,-5.816000
2023-05-13,-0.192779,-0.697000
2023-05-14,-0.315651,-0.834300
2023-05-15,0.812042,1.903600
2023-05-16,0.284095,0.669800
2023-05-17,-1.238570,-3.035600
2023-05-18,0.723666,2.238500
2023-05-19,-0.247444,-0.736600
2023-05-20,-0.249525,-0.689800
2023-05-21,-0.608489,-1.555200
2023-05-22,0.801418,2.053200
2023-05-23,-0.462907,-1.324100
2023-05-24,-0.629326,-1.700400
2023-05-25,1.539049,4.047100
2023-05-26,-0.953603,-3.080700
2023-05-27,0.885339,2.518300
2023-05-28,0.146445,0.306700
2023-05-29,-0.380862,-0.968700
2023-05-30,0.880048,2.113100
2023-05-31,-1.441525,-4.004000
2023-06-01,0.495443,1.598100
2023-06-02,-0.738257,-1.922200
2023-06-03,0.692589,1.833000
2023-06-04,1.626962,4.140700
2023-06-05,-2.382508,-7.712100
2023-06-06,1.065693,4.682300
2023-06-07,-0.627471,-1.847900
2023-06-08,-0.608861,-1.723700
2023-06-09,1.363215,3.549600
2023-06-10,0.555083,1.584400
2023-06-11,-1.817202,-4.668500
2023-06-12,0.458514,1.656400
2023-06-13,0.460485,1.041000
2023-06-14,-1.112477,-2.844600
2023-06-15,0.797539,2.381400
2023-06-16,-0.298966,-0.884500
2023-06-17,0.263716,0.552800
2023-06-18,-0.491699,-1.256100
2023-06-19,0.256721,0.573400
2023-06-20,0.204893,0.394300
2023-06-21,1.072059,2.420100
2023-06-22,-2.432739,-6.988500
2023-06-23,1.231157,5.516400
2023-06-24,-0.325892,-1.036800
2023-06-25,-0.101059,-0.338300
2023-06-26,-0.452030,-1.131800
2023-06-27,0.485687,1.151400
2023-06-28,-0.341971,-0.941100
2023-06-29,1.191165,2.854500
2023-06-30,-0.936946,-2.815300
2023-07-01,-0.052804,-0.245300
2023-07-02,0.490292,1.020200
2023-07-03,0.210847,0.435900
2023-07-04,-0.681681,-1.687200
2023-07-05,0.205269,0.470900
2023-07-06,0.480092,1.031300
2023-07-07,-0.366591,-1.002600
2023-07-08,-0.294014,-0.822400
2023-07-09,0.813077,1.891700
2023-07-10,-0.458836,-1.318300
2023-07-11,1.079610,2.668400
2023-07-12,0.025591,-0.017700
2023-07-13,-0.323977,-0.817300
2023-07-14,-0.798615,-2.057600
2023-07-15,0.513316,1.360800
2023-07-16,0.049492,0.033400
2023-07-17,0.911444,1.970200
2023-07-18,-0.459491,-1.348600
2023-07-19,-0.639948,-1.725200
2023-07-20,2.158502,5.730600
2023-07-21,-0.065574,-0.326000
2023-07-22,-0.054781,-0.214400
2023-07-23,-3.190509,-7.352100
2023-07-24,0.444807,2.448700
2023-07-25,0.582115,1.325900
2023-07-26,-0.650630,-1.745200
2023-07-27,-0.107829,-0.382000
2023-07-28,1.331188,2.978000
2023-07-29,-0.339753,-1.110600
2023-07-30,0.268058,0.569900
2023-07-31,-0.169127,-0.491600
2023-08-01,0.066194,0.065400
2023-08-02,-0.841238,-2.001000
2023-08-03,1.211725,3.382900
2023-08-04,-0.072714,-0.302200
2023-08-05,-0.978075,-2.318800
2023-08-06,0.833812,2.397400
2023-08-07,-0.656003,-1.848100
2023-08-08,-0.342822,-1.018400
2023-08-09,0.108848,0.178500
2023-08-10,0.686834,1.483200
2023-08-11,-0.859235,-2.329100
2023-08-12,1.660898,4.684600
2023-08-13,-0.040097,-0.219300
2023-08-14,-0.864522,-2.038100
2023-08-15,0.533853,1.450600
2023-08-16,0.250842,0.539200
2023-08-17,-1.256677,-3.060000
2023-08-18,1.110918,3.504100
2023-08-19,-1.476426,-4.290100
2023-08-20,0.986625,3.303900
2023-08-21,-0.839874,-2.412400
2023-08-22,0.884867,2.436700
2023-08-23,0.160728,0.345600
2023-08-24,-0.246890,-0.661500
2023-08-25,-1.182330,-2.936300
2023-08-26,0.216156,0.593800
2023-08-27,0.597659,1.305900
2023-08-28,2.167863,5.446500
2023-08-29,-1.381837,-5.072400
2023-08-30,0.057092,0.100000
2023-08-31,-0.653981,-1.564100
2023-09-01,1.390549,3.683000
2023-09-02,-0.581766,-1.855600
2023-09-03,0.595491,1.483900
2023-09-04,-0.544964,-1.478600
2023-09-05,-0.675781,-1.862700
2023-09-06,1.570837,4.188700
2023-09-07,-0.927355,-3.018200
2023-09-08,0.073877,0.125700
2023-09-09,-0.162784,-0.459300
2023-09-10,0.189198,0.354200
2023-09-11,-0.743255,-1.824900
2023-09-12,0.680809,1.805000
2023-09-13,-0.030967,-0.170600
2023-09-14,0.250530,0.474700
2023-09-15,-1.460463,-3.547500
2023-09-16,1.214385,4.080700
2023-09-17,-0.582293,-1.783200
2023-09-18,-0.386318,-1.112400
2023-09-19,0.704996,1.673600
2023-09-20,1.071309,2.708200
2023-09-21,-0.088419,-0.340500
2023-09-22,-1.638179,-3.841900
2023-09-23,0.441302,1.507400
2023-09-24,0.296585,0.636200
2023-09-25,0.775889,1.762600
2023-09-26,0.231443,0.524300
2023-09-27,-1.810209,-4.345800
2023-09-28,0.149573,0.479000
2023-09-29,1.262807,2.807800
2023-09-30,-0.981250,-2.993200
2023-10-01,1.476841,4.300800
2023-10-02,-0.753441,-2.416900
2023-10-03,0.454841,1.173800
2023-10-04,-0.166237,-0.500500
2023-10-05,-1.065571,-2.592600
2023-10-06,-0.299729,-1.007300
2023-10-07,1.463291,3.470400
2023-10-08,-0.728051,-2.339300
2023-10-09,0.823798,2.182200
2023-10-10,-1.082340,-2.987900
2023-10-11,0.960989,2.857900
2023-10-12,1.160195,3.105500
2023-10-13,-2.798508,-8.159500
2023-10-14,0.718144,3.549400
2023-10-15,0.382364,0.899700
2023-10-16,-1.007853,-2.540800
2023-10-17,-0.143234,-0.520900
2023-10-18,2.454791,5.616800
2023-10-19,-0.764557,-3.031500
2023-10-20,-0.820911,-2.370800
2023-10-21,0.010698,-0.059900
2023-10-22,1.330512,2.885600
2023-10-23,-0.762577,-2.381200
2023-10-24,0.871041,2.338100
2023-10-25,0.440775,1.101900
2023-10-26,1.448867,3.475600
2023-10-27,-1.831006,-5.727400
2023-10-28,0.679645,2.500600
2023-10-29,-0.344500,-0.978900
2023-10-30,-1.463045,-3.707700
2023-10-31,1.489623,5.026200
2023-11-01,-0.532529,-1.735400
2023-11-02,-0.076673,-0.290000
2023-11-03,0.173396,0.306000
2023-11-04,1.117508,2.509900
2023-11-05,-2.012649,-5.855400
2023-11-06,1.450347,5.748100
2023-11-07,-0.532661,-1.717300
2023-11-08,-0.099301,-0.349000
2023-11-09,1.368326,3.057700
2023-11-10,-1.315633,-4.073900
2023-11-11,0.596425,1.865000
2023-11-12,-0.041246,-0.195000
2023-11-13,0.654019,1.389600
2023-11-14,-1.040032,-2.781200
2023-11-15,0.471765,1.340000
2023-11-16,-0.668383,-1.743400
2023-11-17,0.295828,0.714600
2023-11-18,-1.172825,-2.885700
2023-11-19,1.834640,5.700700
2023-11-20,-0.571096,-1.996700
2023-11-21,-0.169522,-0.536300
2023-11-22,-0.084375,-0.288400
2023-11-23,0.614625,1.320000
2023-11-24,-0.971982,-2.582800
2023-11-25,1.232571,3.573300
2023-11-26,-0.426688,-1.338800
2023-11-27,-0.342479,-0.955900
2023-11-28,0.000397,-0.089300
2023-11-29,0.210968,0.381600
2023-11-30,1.109253,2.513100
2023-12-01,-1.598043,-4.658800
2023-12-02,0.534555,1.815300
2023-12-03,-0.826989,-2.158600
2023-12-04,-0.285082,-0.902700
2023-12-05,0.670415,1.536000
2023-12-06,1.837289,4.675100
2023-12-07,-0.961304,-3.311700
2023-12-08,-0.779650,-2.390100
2023-12-09,1.587681,4.359600
2023-12-10,-0.535188,-1.785500
2023-12-11,-0.079792,-0.298200
2023-12-12,-1.121680,-2.656100
2023-12-13,0.596147,1.764700
2023-12-14,1.457497,3.613200
2023-12-15,-0.516659,-1.683100
2023-12-16,-0.582268,-1.600000
2023-12-17,0.746511,1.888600
2023-12-18,-0.619633,-1.722200
2023-12-19,-1.544266,-4.227900
2023-12-20,0.649729,2.192100
2023-12-21,0.508607,1.214800
2023-12-22,1.010334,2.436000
2023-12-23,-0.790078,-2.297900
2023-12-24,0.403528,1.045200
2023-12-25,0.887953,2.075800
2023-12-26,-0.100415,-0.363500
2023-12-27,-0.364275,-0.928000
2023-12-28,-0.789556,-2.057600
2023-12-29,0.686446,1.844700
2023-12-30,-0.966626,-2.600000
2023-12-31,0.415662,1.143000
2024-01-01,0.789261,1.838500
2024-01-02,0.329338,0.786500
2024-01-03,-2.379358,-5.805600
2024-01-04,1.451517,6.435300
2024-01-05,-1.089467,-3.412800
2024-01-06,1.113698,3.326100
2024-01-07,0.558005,1.499400
2024-01-08,-2.331846,-5.974500
2024-01-09,0.609768,2.610900
2024-01-10,-0.923657,-2.430500
2024-01-11,1.098157,3.128500
2024-01-12,1.946831,5.441200
2024-01-13,-2.079732,-7.219200
2024-01-14,0.610790,2.409800
2024-01-15,-1.245415,-3.250600
2024-01-16,-0.284576,-1.006900
2024-01-17,0.083819,0.112600
2024-01-18,1.057440,2.319700
2024-01-19,0.270104,0.673500
2024-01-20,0.109851,0.169900
2024-01-21,0.280277,0.552400
2024-01-22,-0.777549,-1.942500
2024-01-23,1.421780,3.906400
2024-01-24,-1.083979,-3.400300
2024-01-25,-0.175250,-0.627000
2024-01-26,-0.446967,-1.138900
2024-01-27,2.156550,5.413200
2024-01-28,-0.971757,-3.585200
2024-01-29,-1.007087,-3.066600
2024-01-30,1.484228,4.356400
2024-01-31,-1.570804,-4.948200
2024-02-01,1.916894,6.679800
2024-02-02,-0.536124,-1.909300
2024-02-03,0.607867,1.492300
2024-02-04,0.058658,0.059600
2024-02-05,-0.667776,-1.602400
2024-02-06,0.901105,2.364600
2024-02-07,-1.606745,-4.466700
2024-02-08,0.894903,3.110600
2024-02-09,-0.362637,-1.072200
2024-02-10,-1.210943,-3.097900
2024-02-11,0.512949,1.545900
2024-02-12,0.004523,-0.079000
2024-02-13,0.412688,0.833500
2024-02-14,0.111742,0.183900
2024-02-15,-0.412767,-1.036600
2024-02-16,0.466107,1.087800
2024-02-17,-1.793497,-4.534100
2024-02-18,1.391316,5.174600
2024-02-19,-0.520727,-1.661900
2024-02-20,-0.013139,-0.124400
2024-02-21,-0.281420,-0.721600
2024-02-22,0.856920,1.994500
2024-02-23,0.094314,0.164600
2024-02-24,1.530328,3.399100
2024-02-25,-0.108434,-0.430600
2024-02-26,-1.091233,-2.599700
2024-02-27,-0.345340,-1.155200
2024-02-28,-0.709318,-1.839300
2024-02-29,0.721368,1.896200
2024-03-01,0.542617,1.330000
2024-03-02,-0.561469,-1.504300
2024-03-03,1.289824,3.309700
2024-03-04,-1.292816,-3.928900
2024-03-05,-0.166911,-0.634000
2024-03-06,-0.228757,-0.625100
2024-03-07,1.544765,3.607800
2024-03-08,-0.779547,-2.542700
2024-03-09,0.286742,0.712500
2024-03-10,0.395308,0.849600
2024-03-11,1.533421,3.654100
2024-03-12,0.075829,0.147600
2024-03-13,-1.088242,-2.555400
2024-03-14,0.244627,0.663600
2024-03-15,-0.622671,-1.554700
2024-03-16,-0.208954,-0.651700
2024-03-17,0.380693,0.813700
2024-03-18,-0.114838,-0.369800
2024-03-19,0.429210,0.902800
2024-03-20,0.809039,1.901000
2024-03-21,-1.186251,-3.261800
2024-03-22,-0.218860,-0.782500
2024-03-23,0.957846,2.184600
2024-03-24,-0.384973,-1.154500
2024-03-25,1.915558,4.697000
2024-03-26,-2.034332,-7.030500
2024-03-27,0.597488,2.323200
2024-03-28,1.632077,4.040000
2024-03-29,-0.667237,-2.228200
2024-03-30,-0.188034,-0.599500
2024-03-31,-0.416624,-1.073400
2024-04-01,1.112824,2.724200
2024-04-02,-1.087704,-3.198400
2024-04-03,0.026025,-0.010400
2024-04-04,2.553504,5.632900
2024-04-05,-0.924478,-3.727200
2024-04-06,-0.325881,-1.038700
2024-04-07,0.107037,0.172400
2024-04-08,0.541114,1.149000
2024-04-09,-0.539519,-1.451600
2024-04-10,0.229507,0.510800
2024-04-11,-0.042129,-0.189300
2024-04-12,-1.826548,-4.229700
2024-04-13,1.078458,4.036600
2024-04-14,0.486537,1.280000
2024-04-15,-0.742712,-1.935500
2024-04-16,-0.831903,-2.403400
2024-04-17,1.467749,4.091100
2024-04-18,-0.228702,-0.795600
2024-04-19,-0.117514,-0.370300
2024-04-20,0.404718,0.847200
2024-04-21,-1.417010,-3.559100
2024-04-22,0.520875,1.675100
2024-04-23,0.580095,1.357400
2024-04-24,0.162504,0.322700
2024-04-25,-0.431112,-1.089200
2024-04-26,-0.595991,-1.604500
2024-04-27,0.287324,0.674700
2024-04-28,-0.975222,-2.411200
2024-04-29,2.033837,5.968200
2024-04-30,-1.127760,-4.027800
2024-05-01,0.558916,1.639700
2024-05-02,-0.410652,-1.125300
2024-05-03,0.356861,0.809700
2024-05-04,-0.646927,-1.655100
2024-05-05,0.905338,2.358400
2024-05-06,0.116399,0.227100
2024-05-07,-0.760612,-1.832800
2024-05-08,0.661923,1.762400
2024-05-09,-0.441604,-1.230800
2024-05-10,0.044373,0.022600
2024-05-11,-0.445909,-1.096900
2024-05-12,0.660357,1.595500
2024-05-13,0.219387,0.477000
2024-05-14,-0.279335,-0.745500
2024-05-15,-0.111303,-0.360700
2024-05-16,0.861023,1.899900
2024-05-17,-1.673306,-4.620300
2024-05-18,0.373851,1.273400
2024-05-19,-0.942976,-2.365700
2024-05-20,1.148113,3.296800
2024-05-21,-0.883612,-2.628400
2024-05-22,1.015008,2.843900
2024-05-23,0.634872,1.681200
2024-05-24,0.047160,0.030800
2024-05-25,-0.554803,-1.343300
2024-05-26,-0.702227,-1.941100
2024-05-27,1.321890,3.538300
2024-05-28,0.080509,0.150300
2024-05-29,-0.949374,-2.244800
2024-05-30,0.889574,2.541700
2024-05-31,-1.808773,-4.997700
2024-06-01,0.404649,1.445500
2024-06-02,0.178668,0.343500
2024-06-03,1.460164,3.307700
2024-06-04,-1.405550,-4.432400
2024-06-05,0.980232,3.208000
2024-06-06,0.378056,0.953900
2024-06-07,0.258636,0.537300
2024-06-08,0.119094,0.191800
2024-06-09,-1.366245,-3.229500
2024-06-10,0.626551,2.004100
2024-06-11,-1.452324,-3.801000
2024-06-12,0.743487,2.454000
2024-06-13,0.652748,1.620400
2024-06-14,0.225239,0.490900
2024-06-15,-2.715829,-6.469100
2024-06-16,1.465361,7.183400
2024-06-17,-0.722154,-2.295700
2024-06-18,0.071263,0.106000
2024-06-19,-0.449637,-1.110000
2024-06-20,-0.533617,-1.453900
2024-06-21,0.228002,0.505700
2024-06-22,1.308936,2.985300
2024-06-23,-0.081949,-0.335100
2024-06-24,-0.827435,-1.979900
2024-06-25,-0.366099,-1.135300
2024-06-26,-0.569606,-1.505200
2024-06-27,1.533040,3.961400
2024-06-28,-0.136185,-0.516900
2024-06-29,1.202028,2.696600
2024-06-30,0.195641,0.480700
2024-07-01,-2.287439,-5.417000
2024-07-02,0.664872,2.820800
2024-07-03,1.450723,3.631000
2024-07-04,-1.580631,-4.955200
2024-07-05,-0.229943,-0.904800
2024-07-06,0.925640,2.111100
2024-07-07,-1.617481,-4.529900
2024-07-08,1.535474,5.418400
2024-07-09,-0.651273,-2.121200
2024-07-10,1.406339,3.702200
2024-07-11,-0.864975,-2.724400
2024-07-12,-0.589374,-1.783100
2024-07-13,0.116365,0.218300
2024-07-14,1.602485,3.582600
2024-07-15,-0.867605,-2.856700
2024-07-16,0.067466,0.103500
2024-07-17,0.457333,0.945300
2024-07-18,-0.457769,-1.224400
2024-07-19,0.823763,2.016700
2024-07-20,-1.398084,-3.837900
2024-07-21,0.640631,2.065700
2024-07-22,0.918406,2.263300
2024-07-23,-1.000050,-2.827400
2024-07-24,0.286604,0.767700
2024-07-25,0.150695,0.267600
2024-07-26,-0.075084,-0.264000
2024-07-27,-0.839203,-2.011100
2024-07-28,0.576937,1.562200
2024-07-29,1.209071,2.973200
2024-07-30,-1.728165,-5.134300
2024-07-31,0.150015,0.465100
2024-08-01,1.314229,2.927500
2024-08-02,0.346740,0.947200
2024-08-03,1.236642,2.885800
2024-08-04,-1.449562,-4.350600
2024-08-05,-0.682260,-2.417700
2024-08-06,1.417533,3.761500
2024-08-07,0.353873,0.989900
2024-08-08,0.075773,0.092300
2024-08-09,-1.352944,-3.168500
2024-08-10,0.466536,1.463400
2024-08-11,-0.031468,-0.167900
2024-08-12,-0.489784,-1.195900
2024-08-13,0.407009,0.962200
2024-08-14,-0.543750,-1.419600
2024-08-15,-0.763526,-2.093500
2024-08-16,0.968832,2.617600
2024-08-17,0.587419,1.533100
2024-08-18,0.213165,0.451400
2024-08-19,-0.646969,-1.606200
2024-08-20,-0.012941,-0.125300
2024-08-21,-0.558212,-1.341600
2024-08-22,1.296016,3.329400
2024-08-23,0.930741,2.677000
2024-08-24,-0.162118,-0.534100
2024-08-25,-1.079728,-2.618400
2024-08-26,-1.758905,-5.494300
2024-08-27,1.174145,4.292200
2024-08-28,0.858818,2.381100
2024-08-29,-0.122892,-0.421600
2024-08-30,-1.565797,-3.715500
2024-08-31,1.043170,3.606400
2024-09-01,0.175609,0.401100
2024-09-02,-0.416163,-1.055800
2024-09-03,-0.040095,-0.191700
2024-09-04,-0.329212,-0.835000
2024-09-05,-0.008602,-0.111500
2024-09-06,1.617726,3.537100
2024-09-07,-1.874947,-6.091000
2024-09-08,1.241883,4.702200
2024-09-09,-0.785494,-2.383400
2024-09-10,1.102182,3.004700
2024-09-11,-1.198671,-3.501500
2024-09-12,-0.007890,-0.115300
2024-09-13,-0.388376,-0.957300
2024-09-14,1.532499,3.757200
2024-09-15,-0.854370,-2.768700
2024-09-16,0.649100,1.767400
2024-09-17,-0.146176,-0.466600
2024-09-18,-1.195937,-2.880300
2024-09-19,0.429427,1.274900
2024-09-20,-0.263038,-0.734300
2024-09-21,1.322734,3.105800
2024-09-22,0.348388,0.953200
2024-09-23,-0.453981,-1.183200
2024-09-24,-0.023754,-0.151000
2024-09-25,0.478640,0.987100
2024-09-26,1.336534,3.236900
2024-09-27,-2.442958,-7.426000
2024-09-28,0.720616,3.198100
2024-09-29,-0.062395,-0.252200
2024-09-30,-0.025975,-0.149400
2024-10-01,1.760617,3.883000
2024-10-02,-0.412321,-1.452000
2024-10-03,-1.248192,-3.225500
2024-10-04,0.146016,0.380500
2024-10-05,1.631555,3.661500
2024-10-06,-2.350469,-7.632700
2024-10-07,1.499541,6.562100
2024-10-08,-0.842383,-2.687200
2024-10-09,1.012302,2.797500
2024-10-10,-0.856689,-2.479800
2024-10-11,0.757206,2.082500
2024-10-12,-1.110416,-3.017800
2024-10-13,1.048179,3.152800
2024-10-14,-0.938604,-2.725500
2024-10-15,0.955382,2.717500
2024-10-16,-1.828462,-5.124200
2024-10-17,0.830153,3.077900
2024-10-18,-0.852078,-2.362300
2024-10-19,1.012635,2.813700
2024-10-20,1.051761,2.843300
2024-10-21,-1.625235,-4.664800
2024-10-22,-0.136501,-0.580900
2024-10-23,1.117879,2.495800
2024-10-24,0.171968,0.402400
2024-10-25,0.078230,0.091000
2024-10-26,-0.368986,-0.930800
2024-10-27,-0.719097,-1.884800
2024-10-28,0.627129,1.641300
2024-10-29,0.158447,0.315900
2024-10-30,-0.141714,-0.418300
2024-10-31,-0.214061,-0.589900
2024-11-01,0.071099,0.079200
2024-11-02,0.136447,0.219900
2024-11-03,-0.570437,-1.406900
2024-11-04,0.211116,0.468500
2024-11-05,0.715920,1.585300
2024-11-06,-0.749371,-2.054700
2024-11-07,2.073134,5.680200
2024-11-08,-1.088770,-3.929100
2024-11-09,-0.080704,-0.337200
2024-11-10,0.599912,1.278700
2024-11-11,-0.025005,-0.154200
2024-11-12,0.576922,1.208800
2024-11-13,-2.006191,-5.193900
2024-11-14,0.371990,1.407300
2024-11-15,0.861058,1.983200
2024-11-16,0.390841,0.967100
2024-11-17,-0.282114,-0.777000
2024-11-18,1.379959,3.263100
2024-11-19,-0.605892,-1.927900
2024-11-20,-0.125501,-0.424400
2024-11-21,-1.171695,-2.805700
2024-11-22,1.463930,4.531200
2024-11-23,-1.066410,-3.370700
2024-11-24,0.088062,0.178000
2024-11-25,0.923308,2.007900
2024-11-26,-0.141332,-0.478300
2024-11-27,-0.163431,-0.470600
2024-11-28,-0.569258,-1.427300
2024-11-29,0.501030,1.235000
2024-11-30,-2.144898,-5.441800
2024-12-01,1.434215,5.925300
2024-12-02,-0.767403,-2.424400
2024-12-03,-5.223455,-14.670400
2024-12-04,0.910021,9.306000
2024-12-05,2.186490,5.745700
2024-12-06,1.076507,3.804100
2024-12-07,-0.634432,-1.878000
2024-12-08,-0.848531,-2.371100
2024-12-09,1.248849,3.486900
2024-12-10,0.208133,0.521300
2024-12-11,-2.046271,-4.868000
2024-12-12,0.371996,1.427200
2024-12-13,1.763332,4.155000
2024-12-14,-1.073595,-3.634200
2024-12-15,-0.418624,-1.366800
2024-12-16,0.890615,2.153900
2024-12-17,0.831590,2.172500
2024-12-18,-1.226634,-3.380600
2024-12-19,0.147353,0.381300
2024-12-20,-0.100075,-0.320500
2024-12-21,-0.211595,-0.578200
2024-12-22,0.715676,1.614800
2024-12-23,0.353779,0.836800
2024-12-24,0.410604,0.901600
2024-12-25,0.121040,0.206200
2024-12-26,-0.068390,-0.247400
2024-12-27,-0.799259,-1.916300
2024-12-28,-1.032446,-3.013100
2024-12-29,0.777650,2.258600
2024-12-30,0.024595,-0.025200
2024-12-31,-0.668351,-1.591500
2025-01-01,-0.158826,-0.523100
2025-01-02,1.842888,4.220900
2025-01-03,-0.222379,-0.837700
2025-01-04,0.481500,1.053300
2025-01-05,-0.979577,-2.528200
2025-01-06,1.159493,3.365500
2025-01-07,-0.263104,-0.847800
2025-01-08,-0.733268,-1.857300
2025-01-09,-1.863580,-5.260300
2025-01-10,1.510477,5.733200
2025-01-11,0.574195,1.688300
2025-01-12,-0.623083,-1.666000
2025-01-13,0.102605,0.185100
2025-01-14,-0.405377,-1.016400
2025-01-15,1.461354,3.595500
2025-01-16,-1.984660,-6.214800
2025-01-17,1.329678,5.212000
2025-01-18,-1.077331,-3.295100
2025-01-19,0.598887,1.741100
2025-01-20,-0.500625,-1.363500
2025-01-21,0.042056,0.018600
2025-01-22,-0.854400,-2.017500
2025-01-23,1.880297,5.320700
2025-01-24,-0.556064,-1.968200
2025-01-25,-1.315334,-3.535100
2025-01-26,0.822728,2.613200
2025-01-27,0.382420,0.930300
2025-01-28,-0.591846,-1.528600
2025-01-29,0.136587,0.273200
2025-01-30,0.808775,1.771600
2025-01-31,0.035376,0.004400
2025-02-01,-0.258197,-0.671500
2025-02-02,0.705555,1.614500
2025-02-03,-1.059972,-2.861100
2025-02-04,0.189924,0.488800
2025-02-05,0.391893,0.820500
2025-02-06,0.157350,0.293800
2025-02-07,1.048048,2.337000
2025-02-08,-2.045683,-5.861400
2025-02-09,0.517320,2.013000
2025-02-10,0.982666,2.352700
2025-02-11,-1.075454,-3.077300
2025-02-12,0.610721,1.778400
2025-02-13,-0.500972,-1.367700
2025-02-14,1.090171,2.732300
2025-02-15,-0.184691,-0.615200
2025-02-16,0.866340,1.950400
2025-02-17,-0.173911,-0.561500
2025-02-18,-1.611995,-3.878400
2025-02-19,0.130510,0.378400
2025-02-20,1.888568,4.229900
2025-02-21,-1.296587,-4.493900
2025-02-22,0.049935,0.072200
2025-02-23,1.409479,3.082400
2025-02-24,-1.540724,-4.799700
2025-02-25,0.280334,0.891300
2025-02-26,-1.117418,-2.733400
2025-02-27,1.536475,4.682000
2025-02-28,-0.736016,-2.391500
2025-03-01,1.380275,3.725400
2025-03-02,0.276871,0.747700
2025-03-03,-0.501246,-1.277900
2025-03-04,-0.203209,-0.617100
2025-03-05,0.306613,0.637000
2025-03-06,-0.581221,-1.482100
2025-03-07,1.592164,4.134600
2025-03-08,-0.158378,-0.592900
2025-03-09,-2.379833,-5.642700
2025-03-10,0.935728,4.119100
2025-03-11,-0.227433,-0.709300
2025-03-12,0.302386,0.631500
2025-03-13,0.094132,0.134900
2025-03-14,-0.800986,-1.920300
2025-03-15,1.848567,5.145600
2025-03-16,-1.763575,-6.006200
2025-03-17,0.200819,0.659200
2025-03-18,0.525448,1.129700
2025-03-19,-0.327184,-0.912800
2025-03-20,-0.830178,-2.133400
2025-03-21,0.075032,0.123800
2025-03-22,-0.571331,-1.386300
2025-03-23,1.519710,3.934300
2025-03-24,0.742817,2.229800
2025-03-25,-1.723559,-4.613500
2025-03-26,0.415387,1.448200
2025-03-27,-1.125408,-2.830200
2025-03-28,0.096016,0.208500
2025-03-29,2.199984,4.916100
2025-03-30,-0.170426,-0.710300
2025-03-31,0.806100,1.792800
2025-04-01,0.132670,0.264500
2025-04-02,-1.265268,-3.000300
2025-04-03,0.560988,1.730200
2025-04-04,-0.767909,-2.025100
2025-04-05,0.885555,2.389700
2025-04-06,-1.012278,-2.836800
2025-04-07,0.834091,2.416000
2025-04-08,-0.949871,-2.635400
2025-04-09,0.177496,0.433500
2025-04-10,0.500820,1.071100
2025-04-11,1.788447,4.381500
2025-04-12,-2.250263,-7.554900
2025-04-13,0.749793,3.137900
2025-04-14,0.263233,0.597900
2025-04-15,-0.250980,-0.684600
2025-04-16,0.400601,0.874800
2025-04-17,-0.319463,-0.871100
2025-04-18,-1.073055,-2.726400
2025-04-19,0.264166,0.719100
2025-04-20,2.499631,5.814400
2025-04-21,-0.186867,-0.816100
2025-04-22,-0.608769,-1.517700
2025-04-23,-0.192271,-0.604800
2025-04-24,-0.207275,-0.580100
2025-04-25,0.390156,0.837700
2025-04-26,1.582528,3.769600
2025-04-27,-0.961607,-3.139800
2025-04-28,-0.724136,-2.228500
2025-04-29,0.147303,0.315900
2025-04-30,0.282711,0.561700
2025-05-01,0.110181,0.172300
2025-05-02,0.964600,2.121500
2025-05-03,-0.945626,-2.709800
2025-05-04,-1.292873,-3.898600
2025-05-05,1.262354,4.022500
2025-05-06,-1.202247,-3.625900
2025-05-07,1.336093,4.148700
2025-05-08,-0.771046,-2.396000
2025-05-09,0.356659,0.906600
2025-05-10,0.083940,0.112400
2025-05-11,-1.194188,-2.812100
2025-05-12,1.151637,3.570400
2025-05-13,-1.112336,-3.283900
2025-05-14,2.120424,6.464700
2025-05-15,-0.421846,-1.590600
2025-05-16,-0.204244,-0.604100
2025-05-17,-0.343832,-0.906500
2025-05-18,0.257761,0.547800
2025-05-19,1.754438,4.063000
2025-05-20,-0.572220,-1.976000
2025-05-21,-0.331064,-0.961800
2025-05-22,-0.969517,-2.477200
2025-05-23,0.293482,0.782000
2025-05-24,0.915726,2.088000
2025-05-25,-0.218207,-0.687900
2025-05-26,-0.746651,-1.867500
2025-05-27,-0.183765,-0.602200
2025-05-28,0.703317,1.566500
2025-05-29,-1.436270,-3.844500
2025-05-30,0.374944,1.186300
2025-05-31,1.673364,3.953200
2025-06-01,-0.156282,-0.596000
2025-06-02,-0.500240,-1.256300
2025-06-03,-1.715841,-4.538500
2025-06-04,-0.205356,-0.849300
2025-06-05,2.095933,4.855000
2025-06-06,1.122162,3.897200
2025-06-07,-1.145979,-3.353100
2025-06-08,-0.770238,-2.495300
2025-06-09,0.534162,1.401300
2025-06-10,1.965446,4.845000
2025-06-11,-1.087679,-3.841700
2025-06-12,1.584135,4.756700
2025-06-13,-2.062236,-6.607800
2025-06-14,-0.424011,-1.819300
2025-06-15,1.777798,4.374800
2025-06-16,-0.467582,-1.637600
2025-06-17,0.512262,1.217400
2025-06-18,-0.090112,-0.315800
2025-06-19,0.388108,0.800800
2025-06-20,1.879064,4.493500
2025-06-21,-1.181432,-4.090100
2025-06-22,0.034419,0.018000
2025-06-23,-0.677700,-1.611400
2025-06-24,0.871384,2.290900
2025-06-25,-0.743804,-2.102900
2025-06-26,-0.567723,-1.667100
2025-06-27,0.102134,0.179000
2025-06-28,0.465893,0.974300
2025-06-29,0.194206,0.391700
2025-06-30,0.880787,1.965700
2025-07-01,-0.383218,-1.132100
2025-07-02,0.108895,0.181800
2025-07-03,0.298181,0.592700
2025-07-04,0.135132,0.232900
2025-07-05,-0.694315,-1.691000
2025-07-06,-0.866495,-2.468600
2025-07-07,0.848698,2.352700
2025-07-08,-0.520749,-1.491100
2025-07-09,1.017960,2.558300
2025-07-10,0.623119,1.652600
2025-07-11,-2.634837,-6.837300
2025-07-12,0.919409,4.359900
2025-07-13,-0.053650,-0.235600
2025-07-14,0.204396,0.373400
2025-07-15,-1.082075,-2.625600
2025-07-16,0.948063,2.824500
2025-07-17,-0.219080,-0.692000
2025-07-18,-0.342295,-0.905200
2025-07-19,1.704799,4.127800
2025-07-20,-0.268767,-0.965700
2025-07-21,-2.070145,-5.076900
2025-07-22,0.309532,1.180600
2025-07-23,2.189315,5.107900
2025-07-24,-1.335152,-4.932800
2025-07-25,-0.293718,-1.055800
2025-07-26,2.394740,5.719700
2025-07-27,-0.100858,-0.472900
2025-07-28,-1.527596,-3.584300
2025-07-29,0.428961,1.413200
2025-07-30,-0.094601,-0.321500
2025-07-31,-0.401245,-1.013100
2025-08-01,0.365241,0.829700
2025-08-02,-0.162756,-0.484700
2025-08-03,-0.255990,-0.691000
2025-08-04,-0.050734,-0.212700
2025-08-05,0.316639,0.628800
2025-08-06,0.525663,1.172200
2025-08-07,-0.388325,-1.066000
2025-08-08,0.899136,2.162600
2025-08-09,-0.391622,-1.158000
2025-08-10,0.498832,1.159100
2025-08-11,-1.893910,-4.817600
2025-08-12,1.209531,4.622900
2025-08-13,-1.052347,-3.140100
2025-08-14,0.869675,2.550900
2025-08-15,-0.285519,-0.861200
2025-08-16,-0.695151,-1.778300
2025-08-17,0.539428,1.389400
2025-08-18,1.067599,2.594400
2025-08-19,-0.244262,-0.781400
2025-08-20,0.250241,0.509600
2025-08-21,0.802353,1.807000
2025-08-22,-0.279111,-0.835900
2025-08-23,-2.194012,-5.408900
2025-08-24,0.828962,3.438800
2025-08-25,-0.068669,-0.273000
2025-08-26,0.327251,0.655600
2025-08-27,0.695622,1.584200
2025-08-28,-0.271773,-0.799200
2025-08-29,-1.370806,-3.407500
2025-08-30,0.544564,1.730900
2025-08-31,0.176939,0.353700
2025-09-01,-0.826605,-2.012100
2025-09-02,0.257553,0.644500
2025-09-03,0.002405,-0.084600
2025-09-04,1.415435,3.079500
2025-09-05,-0.905980,-2.863400
2025-09-06,0.236685,0.597700
2025-09-07,0.759264,1.694000
2025-09-08,0.421958,1.026400
2025-09-09,-1.072667,-2.720300
2025-09-10,-1.489269,-4.652900
2025-09-11,1.255149,4.238600
2025-09-12,-1.357552,-4.072500
2025-09-13,2.347406,7.704600
2025-09-14,-1.353682,-5.145800
2025-09-15,0.774470,2.468200
2025-09-16,0.049723,0.041000
2025-09-17,0.681927,1.450000
2025-09-18,-1.593504,-4.238800
2025-09-19,0.111027,0.305600
2025-09-20,0.438225,0.908000
2025-09-21,1.050085,2.500100
2025-09-22,0.040888,0.025000
2025-09-23,0.720331,1.531800
2025-09-24,-1.615596,-4.332300
2025-09-25,0.527099,1.801100
2025-09-26,0.701174,1.660300
2025-09-27,-1.211647,-3.252800
2025-09-28,-0.128435,-0.499700
2025-09-29,1.224876,2.742300
2025-09-30,-1.162082,-3.499100
2025-10-01,1.143328,3.494800
2025-10-02,0.651243,1.776500
2025-10-03,-2.093562,-5.482400
2025-10-04,1.579371,6.431700
2025-10-05,-0.222969,-0.790700
2025-10-06,-1.646807,-4.006600
2025-10-07,0.541642,1.874400
2025-10-08,0.804877,1.925300
2025-10-09,0.043583,0.026100
2025-10-10,-1.766387,-4.073900
2025-10-11,0.774986,2.823700
2025-10-12,0.065840,0.083200
2025-10-13,-0.955569,-2.256400
2025-10-14,-0.299993,-0.979500
2025-10-15,1.767972,4.214400
2025-10-16,-0.497109,-1.732600
2025-10-17,0.155253,0.309500
2025-10-18,-0.309365,-0.805800
2025-10-19,0.239015,0.495700
2025-10-20,-0.601684,-1.509000
2025-10-21,0.443517,1.094000
2025-10-22,0.947471,2.243500
2025-10-23,-0.386344,-1.155200
2025-10-24,-0.006447,-0.106400
2025-10-25,0.117205,0.172300
2025-10-26,0.526988,1.121200
2025-10-27,0.237070,0.506000
2025-10-28,-2.064912,-4.955000
2025-10-29,0.340300,1.305300
2025-10-30,1.211553,2.806000
2025-10-31,-0.604492,-1.857300
2025-11-01,-0.039702,-0.196000
2025-11-02,0.548106,1.148400
2025-11-03,-0.009503,-0.114300
2025-11-04,-0.390829,-0.966500
2025-11-05,-0.108358,-0.362500
2025-11-06,0.823862,1.811300
2025-11-07,-1.314064,-3.618800
2025-11-08,0.739288,2.337100
2025-11-09,-0.956414,-2.596200
2025-11-10,2.638017,7.712200
2025-11-11,-1.988568,-8.023700
2025-11-12,0.606842,2.322000
2025-11-13,-0.663890,-1.774300
2025-11-14,1.212896,3.204000
2025-11-15,-0.152794,-0.536100
2025-11-16,-0.737823,-1.811300
2025-11-17,0.817418,2.181700
2025-11-18,0.677825,1.721600
2025-11-19,-1.353229,-3.600200
2025-11-20,0.154993,0.424800
2025-11-21,-1.284213,-3.047700
2025-11-22,1.043160,3.313700
2025-11-23,0.401242,1.034000
2025-11-24,-1.153493,-2.902900
2025-11-25,0.120921,0.289100
2025-11-26,0.834438,1.818800
2025-11-27,-0.430193,-1.248300
2025-11-28,-0.286907,-0.817200
2025-11-29,1.561478,3.707000
2025-11-30,-0.030227,-0.185700
2025-12-01,-1.343642,-3.109800
2025-12-02,0.250727,0.742600
2025-12-03,1.290055,2.944000
2025-12-04,0.504229,1.409800
2025-12-05,-0.458098,-1.231800
2025-12-06,-0.409664,-1.138100
2025-12-07,1.009044,2.453100
2025-12-08,-1.287972,-3.687600
2025-12-09,0.797449,2.506400
2025-12-10,0.327460,0.778900
2025-12-11,-1.895294,-4.641200
2025-12-12,-0.303122,-1.272700
2025-12-13,1.736254,4.121700
2025-12-14,-0.590420,-2.027400
2025-12-15,0.252905,0.579100
2025-12-16,0.316867,0.658200
2025-12-17,-0.966831,-2.410900
2025-12-18,2.920091,8.585600
2025-12-19,-1.391212,-5.996300
2025-12-20,-0.179337,-0.688000
2025-12-21,0.122477,0.197000
2025-12-22,0.164224,0.287400
2025-12-23,0.240406,0.467900
2025-12-24,0.424512,0.911900
2025-12-25,-0.801093,-2.059300
2025-12-26,-1.069064,-3.114700
2025-12-27,0.955538,2.827100
2025-12-28,-0.077022,-0.302200
2025-12-29,0.067168,0.063100
2025-12-30,1.455253,3.217400
2025-12-31,-0.994585,-3.160700
