date,delta_pi_xvs_btc_pct,cond_vol_pct
2020-10-16,-4.205500,2.818626
2020-10-17,-1.598600,3.424196
2020-10-18,1.748400,2.531113
2020-10-19,-0.690500,2.624077
2020-10-20,1.515400,2.389320
2020-10-21,4.101500,2.595279
2020-10-22,-1.011800,3.190864
2020-10-23,-4.204900,2.423849
2020-10-24,-0.870000,3.680477
2020-10-25,3.605700,2.364131
2020-10-26,-1.007600,3.159539
2020-10-27,1.320800,2.425339
2020-10-28,-0.508200,2.543522
2020-10-29,-3.675800,2.345824
2020-10-30,2.652800,3.504355
2020-10-31,-0.366600,2.642487
2020-11-01,-0.391300,2.303620
2020-11-02,1.613600,2.326645
2020-11-03,4.148400,2.631192
2020-11-04,1.698400,3.187164
2020-11-05,4.233900,2.520478
2020-11-06,-1.533400,3.263937
2020-11-07,-4.994100,2.534367
2020-11-08,-3.272200,3.942851
2020-11-09,-1.890200,2.811678
2020-11-10,2.377600,2.692579
2020-11-11,-2.651300,2.733606
2020-11-12,2.033700,2.938720
2020-11-13,0.261300,2.615425
2020-11-14,-2.734000,2.301668
2020-11-15,-0.436600,3.135962
2020-11-16,0.580400,2.301000
2020-11-17,3.803700,2.387876
2020-11-18,-2.531400,3.206296
2020-11-19,-1.069600,2.783878
2020-11-20,1.194200,2.474661
2020-11-21,-1.020400,2.507723
2020-11-22,2.336100,2.492918
2020-11-23,-4.909100,2.771599
2020-11-24,3.357600,3.716760
2020-11-25,0.159000,2.725604
2020-11-26,0.798200,2.278393
2020-11-27,-1.015600,2.440705
2020-11-28,0.915500,2.500063
2020-11-29,-0.649900,2.443567
2020-11-30,-2.823700,2.392362
2020-12-01,3.103700,3.128386
2020-12-02,-0.621400,2.790284
2020-12-03,-0.418800,2.360153
2020-12-04,1.869600,2.331523
2020-12-05,-3.562200,2.694673
2020-12-06,2.383400,3.258630
2020-12-07,-2.141100,2.631936
2020-12-08,0.530700,2.807728
2020-12-09,1.776200,2.343342
2020-12-10,-1.402400,2.668371
2020-12-11,0.534300,2.580152
2020-12-12,1.526900,2.357492
2020-12-13,-1.571700,2.603858
2020-12-14,-2.109900,2.640307
2020-12-15,2.088400,2.795841
2020-12-16,-0.428600,2.650419
2020-12-17,2.232500,2.319147
2020-12-18,-2.698700,2.792289
2020-12-19,0.654400,2.935341
2020-12-20,0.348000,2.358460
2020-12-21,-3.006300,2.331931
2020-12-22,3.607100,3.230342
2020-12-23,1.980900,2.865855
2020-12-24,-2.698900,2.616494
2020-12-25,2.863900,2.993178
2020-12-26,2.670600,2.771487
2020-12-27,-6.027200,2.780686
2020-12-28,-0.164400,4.174688
2020-12-29,-1.444500,2.228639
2020-12-30,4.036800,2.677395
2020-12-31,-1.953300,3.137791
2021-01-01,-2.711200,2.651312
2021-01-02,3.880000,2.985109
2021-01-03,1.668900,2.989421
2021-01-04,-4.925000,2.538384
2021-01-05,4.394600,3.907888
2021-01-06,-1.671100,2.858694
2021-01-07,0.872600,2.623897
2021-01-08,3.241200,2.422644
2021-01-09,-4.915800,3.029851
2021-01-10,2.111200,3.555721
2021-01-11,-4.195600,2.548220
2021-01-12,2.845600,3.585298
2021-01-13,1.281300,2.662593
2021-01-14,0.198300,2.502494
2021-01-15,-2.924700,2.293679
2021-01-16,2.716600,3.217315
2021-01-17,0.544400,2.699105
2021-01-18,-3.104900,2.352124
2021-01-19,-0.797100,3.259547
2021-01-20,2.801800,2.372400
2021-01-21,0.833300,2.928360
2021-01-22,-2.020200,2.390862
2021-01-23,-0.694500,2.835420
2021-01-24,1.832500,2.375314
2021-01-25,1.091300,2.675415
2021-01-26,2.425900,2.462071
2021-01-27,-1.396400,2.802087
2021-01-28,-1.013600,2.558762
2021-01-29,-4.439200,2.484742
2021-01-30,2.002200,3.736241
2021-01-31,2.833100,2.513153
2021-02-01,-4.081500,2.889752
2021-02-02,-3.205800,3.344543
2021-02-03,3.327500,2.924257
2021-02-04,2.227500,2.885975
2021-02-05,-2.152100,2.662991
2021-02-06,0.452200,2.803101
2021-02-07,3.287200,2.329166
2021-02-08,-6.971700,3.082360
2021-02-09,7.514800,4.288338
2021-02-10,-1.501200,3.276617
2021-02-11,-1.519600,2.525643
2021-02-12,-1.500300,2.639321
2021-02-13,3.460200,2.612990
2021-02-14,-1.414200,3.015129
2021-02-15,-0.314900,2.535456
2021-02-16,-0.448600,2.294436
2021-02-17,2.514300,2.344262
2021-02-18,-3.443600,2.860007
2021-02-19,0.385700,3.146566
2021-02-20,2.418800,2.303114
2021-02-21,-6.150900,2.847248
2021-02-22,4.065300,4.165134
2021-02-23,-0.242400,2.762775
2021-02-24,1.100500,2.268732
2021-02-25,-1.330200,2.514584
2021-02-26,-2.248000,2.583741
2021-02-27,6.676400,2.855019
2021-02-28,-4.480000,3.762858
2021-03-01,1.944300,3.126779
2021-03-02,1.355800,2.571527
2021-03-03,-4.180900,2.530154
2021-03-04,-1.557700,3.591715
2021-03-05,4.494500,2.505525
2021-03-06,-0.548300,3.347545
2021-03-07,-3.121800,2.316348
2021-03-08,4.211400,3.286385
2021-03-09,-0.940000,2.970779
2021-03-10,-0.622800,2.424770
2021-03-11,1.206800,2.386083
2021-03-12,-0.496700,2.522870
2021-03-13,-0.356400,2.343933
2021-03-14,0.467000,2.314312
2021-03-15,0.972000,2.361112
2021-03-16,-1.423500,2.471712
2021-03-17,-0.113900,2.619811
2021-03-18,-0.042600,2.240292
2021-03-19,0.396600,2.250761
2021-03-20,-0.835000,2.349493
2021-03-21,3.453500,2.456475
2021-03-22,-2.877900,3.074566
2021-03-23,-3.406300,2.907105
2021-03-24,3.965500,3.116487
2021-03-25,-1.342700,2.968469
2021-03-26,3.924000,2.523369
2021-03-27,-9.153200,3.175290
2021-03-28,5.689100,5.143341
2021-03-29,-0.318600,2.830604
2021-03-30,0.944600,2.284903
2021-03-31,-1.058800,2.474711
2021-04-01,5.376400,2.508478
2021-04-02,1.708100,3.615608
2021-04-03,-2.016100,2.480027
2021-04-04,1.336000,2.808313
2021-04-05,2.522100,2.496274
2021-04-06,-0.522700,2.816639
2021-04-07,-0.790300,2.334439
2021-04-08,-0.454700,2.444447
2021-04-09,1.571000,2.336922
2021-04-10,0.068100,2.618583
2021-04-11,0.431100,2.264396
2021-04-12,-5.122600,2.356485
2021-04-13,3.484700,4.186809
2021-04-14,-0.540400,2.676286
2021-04-15,-2.858100,2.346501
2021-04-16,3.899400,3.163526
2021-04-17,-1.794700,2.941506
2021-04-18,0.392400,2.643068
2021-04-19,1.247900,2.325852
2021-04-20,0.675300,2.541679
2021-04-21,-1.537700,2.389038
2021-04-22,-2.445000,2.672891
2021-04-23,0.839700,2.892024
2021-04-24,-0.197000,2.394619
2021-04-25,4.097000,2.267168
2021-04-26,-1.745600,3.365769
2021-04-27,4.200500,2.570231
2021-04-28,-3.059200,3.229795
2021-04-29,0.026200,2.915432
2021-04-30,-4.131200,2.250131
2021-05-01,5.263400,3.792821
2021-05-02,-4.075500,3.031492
2021-05-03,-0.649400,3.277282
2021-05-04,4.077100,2.340237
2021-05-05,-3.559400,3.315258
2021-05-06,3.340800,3.024894
2021-05-07,-1.469000,2.862493
2021-05-08,-0.490900,2.569523
2021-05-09,2.243600,2.339659
2021-05-10,0.543300,2.789395
2021-05-11,-2.996800,2.346686
2021-05-12,3.202000,3.218740
2021-05-13,-0.555500,2.790115
2021-05-14,-0.294800,2.343873
2021-05-15,-2.034000,2.296549
2021-05-16,-2.731300,2.870094
2021-05-17,7.220400,2.922004
2021-05-18,-4.981900,3.872363
2021-05-19,0.584500,3.215096
2021-05-20,1.064400,2.332234
2021-05-21,-2.024300,2.496979
2021-05-22,0.589700,2.806357
2021-05-23,3.170700,2.354306
2021-05-24,-1.214300,3.037971
2021-05-25,-3.326100,2.484284
2021-05-26,1.488200,3.276553
2021-05-27,0.342100,2.475552
2021-05-28,-0.609000,2.324312
2021-05-29,3.627000,2.390260
2021-05-30,-1.333900,3.153268
2021-05-31,-2.626500,2.500568
2021-06-01,-0.969900,3.010649
2021-06-02,2.086300,2.428601
2021-06-03,-0.993300,2.726075
2021-06-04,-0.640500,2.460670
2021-06-05,2.830000,2.388290
2021-06-06,-1.956300,2.930421
2021-06-07,-0.239500,2.688052
2021-06-08,2.456800,2.270072
2021-06-09,-1.405600,2.868480
2021-06-10,0.176100,2.552082
2021-06-11,0.756600,2.287403
2021-06-12,0.825900,2.429953
2021-06-13,-6.528800,2.431144
2021-06-14,5.764100,4.863691
2021-06-15,-3.272800,2.883691
2021-06-16,-3.690500,3.083244
2021-06-17,1.979600,3.138188
2021-06-18,-6.368600,2.576413
2021-06-19,-1.317800,4.566781
2021-06-20,4.594900,2.395293
2021-06-21,3.772300,3.444544
2021-06-22,-1.358600,2.848165
2021-06-23,-4.763200,2.542501
2021-06-24,-0.240000,3.832069
2021-06-25,2.482700,2.245820
2021-06-26,-0.059400,2.883996
2021-06-27,-0.466300,2.236070
2021-06-28,-0.456600,2.353532
2021-06-29,3.227200,2.342908
2021-06-30,0.428400,3.058959
2021-07-01,-2.657200,2.313513
2021-07-02,1.275900,3.099968
2021-07-03,-1.024800,2.455518
2021-07-04,0.095200,2.500880
2021-07-05,0.236700,2.272983
2021-07-06,2.139900,2.311868
2021-07-07,-6.616800,2.769805
2021-07-08,2.741200,4.454811
2021-07-09,4.464800,2.547882
2021-07-10,-6.063300,3.315700
2021-07-11,2.599900,3.774520
2021-07-12,2.652400,2.598762
2021-07-13,-2.859900,2.820258
2021-07-14,3.979600,2.976361
2021-07-15,-1.944400,3.014308
2021-07-16,-4.345700,2.669768
2021-07-17,4.459600,3.564566
2021-07-18,0.534600,2.945553
2021-07-19,-6.337900,2.336813
2021-07-20,0.306400,4.903024
2021-07-21,3.671100,2.250925
2021-07-22,0.522500,3.238114
2021-07-23,-2.217300,2.321368
2021-07-24,0.868900,2.929015
2021-07-25,1.355100,2.397232
2021-07-26,2.103400,2.555898
2021-07-27,-3.404100,2.701054
2021-07-28,-1.846600,3.200193
2021-07-29,4.844300,2.615759
2021-07-30,-2.082100,3.387164
2021-07-31,-0.065200,2.643518
2021-08-01,-6.108100,2.238720
2021-08-02,6.597400,4.927439
2021-08-03,1.897900,2.982352
2021-08-04,-2.990500,2.582628
2021-08-05,2.809800,3.106496
2021-08-06,-5.700000,2.737333
2021-08-07,9.879000,4.072131
2021-08-08,-5.437500,3.805577
2021-08-09,-0.486900,3.352660
2021-08-10,-1.538100,2.303742
2021-08-11,4.147700,2.692301
2021-08-12,-3.938600,3.160176
2021-08-13,4.884600,3.183305
2021-08-14,-1.676100,3.143503
2021-08-15,-3.628800,2.582738
2021-08-16,3.859700,3.339934
2021-08-17,2.490500,2.888408
2021-08-18,-5.104800,2.716558
2021-08-19,0.891900,3.836811
2021-08-20,-1.200000,2.349127
2021-08-21,0.329900,2.571029
2021-08-22,5.659700,2.317098
2021-08-23,-7.739200,3.869940
2021-08-24,1.397300,3.963100
2021-08-25,-0.967700,2.410481
2021-08-26,6.221000,2.489522
2021-08-27,-3.527000,3.911259
2021-08-28,-2.139200,2.871774
2021-08-29,-2.056900,2.750116
2021-08-30,3.812500,2.753425
2021-08-31,-3.560000,3.051708
2021-09-01,5.245300,3.110601
2021-09-02,-2.494300,3.252258
2021-09-03,1.287800,2.765184
2021-09-04,1.384700,2.491689
2021-09-05,0.688700,2.548074
2021-09-06,-1.017000,2.391311
2021-09-07,-3.004200,2.507096
2021-09-08,1.244800,3.144057
2021-09-09,-2.069300,2.446254
2021-09-10,-1.742300,2.835827
2021-09-11,1.472000,2.647100
2021-09-12,2.523500,2.544506
2021-09-13,1.016900,2.803789
2021-09-14,-4.231700,2.434910
2021-09-15,3.350900,3.683755
2021-09-16,-1.250000,2.729915
2021-09-17,-0.318100,2.529058
2021-09-18,-0.780900,2.295535
2021-09-19,0.406000,2.445841
2021-09-20,2.253300,2.339307
2021-09-21,-0.659700,2.792046
2021-09-22,-0.425900,2.369557
2021-09-23,0.027700,2.333039
2021-09-24,2.061200,2.263810
2021-09-25,1.337100,2.762061
2021-09-26,-2.329600,2.501873
2021-09-27,1.105400,2.907208
2021-09-28,-2.575400,2.442251
2021-09-29,2.245100,3.014747
2021-09-30,0.173600,2.644399
2021-10-01,1.402100,2.283734
2021-10-02,-3.809500,2.586640
2021-10-03,-1.402300,3.406907
2021-10-04,2.958900,2.490550
2021-10-05,-0.998100,2.929373
2021-10-06,-2.124000,2.442378
2021-10-07,0.349800,2.855662
2021-10-08,0.019800,2.308291
2021-10-09,-0.917600,2.262776
2021-10-10,3.237900,2.493335
2021-10-11,-0.811400,3.001595
2021-10-12,0.887300,2.392024
2021-10-13,-3.321000,2.448813
2021-10-14,2.934400,3.293510
2021-10-15,-1.831800,2.725526
2021-10-16,5.753500,2.693036
2021-10-17,-1.865500,3.603909
2021-10-18,-1.790000,2.567880
2021-10-19,-1.655600,2.713918
2021-10-20,-1.976600,2.644558
2021-10-21,0.034900,2.753754
2021-10-22,3.546200,2.255010
2021-10-23,0.644700,3.196572
2021-10-24,-1.315300,2.342794
2021-10-25,0.319100,2.609496
2021-10-26,-0.267800,2.313181
2021-10-27,-0.402200,2.289983
2021-10-28,-1.688800,2.330658
2021-10-29,0.139500,2.737471
2021-10-30,0.830700,2.274453
2021-10-31,1.401400,2.448843
2021-11-01,2.444400,2.558485
2021-11-02,0.438200,2.781040
2021-11-03,-2.179900,2.327677
2021-11-04,-2.363700,2.912993
2021-11-05,5.169700,2.803992
2021-11-06,-4.479700,3.375344
2021-11-07,0.351800,3.257843
2021-11-08,1.917900,2.293887
2021-11-09,-1.610800,2.716198
2021-11-10,-0.002200,2.631388
2021-11-11,0.595400,2.250766
2021-11-12,-2.860200,2.395703
2021-11-13,1.456300,3.140852
2021-11-14,2.190200,2.483130
2021-11-15,-0.798900,2.738415
2021-11-16,1.096000,2.408740
2021-11-17,-2.165700,2.494200
2021-11-18,0.637800,2.854175
2021-11-19,2.156600,2.360292
2021-11-20,-2.419000,2.761094
2021-11-21,2.415900,2.858798
2021-11-22,-6.434600,2.706955
2021-11-23,4.277500,4.440084
2021-11-24,-0.842900,2.751327
2021-11-25,0.118000,2.419011
2021-11-26,0.209500,2.280240
2021-11-27,0.117500,2.305440
2021-11-28,1.846300,2.284098
2021-11-29,-0.021700,2.699912
2021-11-30,-0.111700,2.245799
2021-12-01,-0.363900,2.246404
2021-12-02,-2.394300,2.321577
2021-12-03,0.193400,2.995158
2021-12-04,-0.203100,2.276442
2021-12-05,0.426000,2.272409
2021-12-06,5.406600,2.354759
2021-12-07,-3.733500,3.745352
2021-12-08,-2.973100,2.954219
2021-12-09,3.059900,2.968642
2021-12-10,2.526800,2.817584
2021-12-11,-2.818700,2.738948
2021-12-12,-2.357000,2.990162
2021-12-13,2.873600,2.784434
2021-12-14,-1.988600,2.822649
2021-12-15,1.920700,2.718084
2021-12-16,-0.547100,2.628726
2021-12-17,-4.859000,2.351055
2021-12-18,4.472900,4.057416
2021-12-19,-0.882500,2.842452
2021-12-20,4.122100,2.421358
2021-12-21,-4.811200,3.283497
2021-12-22,1.309300,3.393282
2021-12-23,-2.224500,2.436587
2021-12-24,3.361800,2.892203
2021-12-25,-1.993300,2.902343
2021-12-26,-1.457700,2.703432
2021-12-27,5.328200,2.590261
2021-12-28,-0.778400,3.544679
2021-12-29,-1.780400,2.353351
2021-12-30,-0.918300,2.763083
2021-12-31,0.837400,2.437439
2022-01-01,-2.222300,2.432929
2022-01-02,-0.351400,2.892626
2022-01-03,-0.392300,2.290521
2022-01-04,2.151100,2.327675
2022-01-05,0.739100,2.768428
2022-01-06,-4.009500,2.384777
2022-01-07,4.932200,3.623508
2022-01-08,1.584900,3.016826
2022-01-09,0.449500,2.519490
2022-01-10,-5.463000,2.344000
2022-01-11,4.471800,4.383937
2022-01-12,-1.649400,2.786671
2022-01-13,-3.903300,2.630027
2022-01-14,1.823100,3.417912
2022-01-15,-0.188900,2.516759
2022-01-16,3.499200,2.261714
2022-01-17,-2.961800,3.178448
2022-01-18,2.922000,2.902737
2022-01-19,-2.633400,2.804124
2022-01-20,1.254800,2.911791
2022-01-21,-0.623100,2.469624
2022-01-22,2.613900,2.382650
2022-01-23,-1.529900,2.874341
2022-01-24,0.610300,2.583854
2022-01-25,-5.865200,2.372595
2022-01-26,4.568900,4.569267
2022-01-27,-0.514000,2.771906
2022-01-28,-1.229300,2.334611
2022-01-29,1.440300,2.582999
2022-01-30,-1.495000,2.546881
2022-01-31,-0.495600,2.627850
2022-02-01,2.795400,2.337636
2022-02-02,-6.017300,2.939040
2022-02-03,8.697100,4.028504
2022-02-04,-2.118300,3.588726
2022-02-05,-1.229200,2.623262
2022-02-06,-1.735200,2.537684
2022-02-07,3.715700,2.703556
2022-02-08,-3.061200,3.046144
2022-02-09,-0.433400,2.966666
2022-02-10,0.676300,2.306663
2022-02-11,-2.956300,2.409389
2022-02-12,6.273000,3.171387
2022-02-13,-3.209100,3.466815
2022-02-14,0.600400,2.895293
2022-02-15,-1.572700,2.351137
2022-02-16,2.283000,2.693002
2022-02-17,-4.250200,2.712418
2022-02-18,5.961800,3.501193
2022-02-19,-2.031200,3.255367
2022-02-20,-1.692600,2.651617
2022-02-21,-0.141900,2.667007
2022-02-22,2.914900,2.246425
2022-02-23,-3.694600,3.008768
2022-02-24,0.608000,3.167456
2022-02-25,4.478000,2.338263
2022-02-26,-0.498200,3.444192
2022-02-27,-0.325200,2.302799
2022-02-28,-0.893500,2.307189
2022-03-01,0.597600,2.479780
2022-03-02,-0.383000,2.377503
2022-03-03,-4.317100,2.320276
2022-03-04,4.503000,3.819698
2022-03-05,-0.694800,2.894601
2022-03-06,-4.577900,2.371536
2022-03-07,3.768700,3.898172
2022-03-08,-0.173300,2.761103
2022-03-09,1.250700,2.252189
2022-03-10,-4.382400,2.554320
2022-03-11,4.226300,3.658737
2022-03-12,-2.628500,2.882203
2022-03-13,1.088000,2.888123
2022-03-14,3.337600,2.440739
2022-03-15,-6.169900,3.049113
2022-03-16,5.548500,3.999259
2022-03-17,-2.211700,3.027760
2022-03-18,-0.800200,2.737386
2022-03-19,2.610100,2.409159
2022-03-20,-1.222000,2.864910
2022-03-21,1.097300,2.505042
2022-03-22,-3.149400,2.482468
2022-03-23,2.787100,3.209809
2022-03-24,-3.158500,2.713536
2022-03-25,1.159800,3.110983
2022-03-26,2.414300,2.434411
2022-03-27,-3.325800,2.806850
2022-03-28,1.740900,3.129363
2022-03-29,1.450300,2.534597
2022-03-30,-2.390700,2.556273
2022-03-31,0.842100,2.910304
2022-04-01,1.328900,2.393736
2022-04-02,0.017200,2.550294
2022-04-03,-0.372900,2.256252
2022-04-04,0.071700,2.323762
2022-04-05,-2.076700,2.273535
2022-04-06,2.749600,2.893689
2022-04-07,-2.737600,2.769650
2022-04-08,1.866100,2.954463
2022-04-09,1.478900,2.580488
2022-04-10,-4.057100,2.555662
2022-04-11,-1.099900,3.523751
2022-04-12,3.905700,2.418219
2022-04-13,-1.740000,3.221009
2022-04-14,2.436600,2.587523
2022-04-15,-0.971600,2.771864
2022-04-16,0.117000,2.450410
2022-04-17,-1.607300,2.278990
2022-04-18,2.061300,2.722313
2022-04-19,2.159700,2.658093
2022-04-20,-1.202700,2.692262
2022-04-21,-0.886600,2.521034
2022-04-22,-3.184700,2.452795
2022-04-23,5.303800,3.238155
2022-04-24,-3.154000,3.214792
2022-04-25,-0.449900,2.944682
2022-04-26,0.325700,2.311329
2022-04-27,1.321100,2.329705
2022-04-28,-2.715100,2.558743
2022-04-29,3.088000,3.019717
2022-04-30,-1.565500,2.811418
2022-05-01,4.939700,2.602966
2022-05-02,-3.540200,3.421918
2022-05-03,-2.765300,2.989595
2022-05-04,1.716100,2.898339
2022-05-05,1.091800,2.559248
2022-05-06,-0.488000,2.474919
2022-05-07,-2.606800,2.344413
2022-05-08,1.414300,3.066626
2022-05-09,-4.935400,2.483148
2022-05-10,2.312300,3.963059
2022-05-11,-0.018800,2.536388
2022-05-12,2.395600,2.249521
2022-05-13,-1.860800,2.858209
2022-05-14,-2.794300,2.675545
2022-05-15,4.291500,3.004065
2022-05-16,-2.320100,3.075078
2022-05-17,-1.978900,2.756385
2022-05-18,3.348300,2.729266
2022-05-19,1.698000,2.947947
2022-05-20,-3.387400,2.549159
2022-05-21,3.648500,3.266414
2022-05-22,-3.213100,2.865345
2022-05-23,0.309200,3.071147
2022-05-24,-0.169100,2.293303
2022-05-25,1.919700,2.262031
2022-05-26,-1.491400,2.724707
2022-05-27,2.034200,2.596324
2022-05-28,-1.336600,2.676622
2022-05-29,-1.922200,2.560349
2022-05-30,2.785100,2.757030
2022-05-31,-1.459200,2.809749
2022-06-01,-0.242800,2.574510
2022-06-02,1.789200,2.274194
2022-06-03,-1.927200,2.687387
2022-06-04,2.682000,2.729103
2022-06-05,-0.778400,2.793479
2022-06-06,-0.844600,2.399172
2022-06-07,-0.180300,2.453773
2022-06-08,2.836100,2.261014
2022-06-09,-4.356200,2.979733
2022-06-10,6.913800,3.392684
2022-06-11,-6.460800,3.507489
2022-06-12,3.447300,3.787409
2022-06-13,-1.579100,2.728583
2022-06-14,2.184500,2.620286
2022-06-15,0.167600,2.705810
2022-06-16,-2.228000,2.280604
2022-06-17,-0.641000,2.948039
2022-06-18,0.739700,2.355542
2022-06-19,2.675300,2.419202
2022-06-20,0.695400,2.878832
2022-06-21,-2.995600,2.369246
2022-06-22,0.179800,3.206639
2022-06-23,1.495300,2.268598
2022-06-24,-3.555400,2.612981
2022-06-25,4.053500,3.296527
2022-06-26,-2.224300,2.936805
2022-06-27,1.183900,2.759733
2022-06-28,-1.317600,2.471706
2022-06-29,1.689800,2.587104
2022-06-30,-1.935000,2.601016
2022-07-01,0.058500,2.751245
2022-07-02,1.671700,2.259335
2022-07-03,-5.541700,2.660220
2022-07-04,4.261700,4.073953
2022-07-05,-0.816300,2.807124
2022-07-06,0.631400,2.407648
2022-07-07,1.179900,2.390426
2022-07-08,-0.259000,2.515993
2022-07-09,-0.828300,2.280288
2022-07-10,4.238400,2.462521
2022-07-11,-1.046700,3.295736
2022-07-12,-3.223800,2.423536
2022-07-13,0.503900,3.268729
2022-07-14,2.691800,2.317186
2022-07-15,-1.818800,2.917633
2022-07-16,-1.493500,2.653525
2022-07-17,3.282000,2.608605
2022-07-18,-0.130700,2.971629
2022-07-19,-2.553000,2.238593
2022-07-20,-2.226800,3.093121
2022-07-21,1.785900,2.728459
2022-07-22,0.146200,2.598464
2022-07-23,-2.886100,2.279983
2022-07-24,5.544700,3.208679
2022-07-25,-4.104800,3.280008
2022-07-26,0.429000,3.187099
2022-07-27,-2.291300,2.308551
2022-07-28,6.875300,2.961363
2022-07-29,-2.572700,3.745708
2022-07-30,-3.222000,2.697518
2022-07-31,5.304900,3.139015
2022-08-01,-4.471000,3.254246
2022-08-02,6.107400,3.303827
2022-08-03,-4.032300,3.366128
2022-08-04,-0.742100,3.136729
2022-08-05,-0.691900,2.367635
2022-08-06,1.649000,2.411294
2022-08-07,2.420700,2.623236
2022-08-08,-2.177300,2.759427
2022-08-09,-1.673200,2.786750
2022-08-10,-0.627300,2.636608
2022-08-11,2.523700,2.371639
2022-08-12,-1.245900,2.853870
2022-08-13,1.136600,2.512489
2022-08-14,-0.686600,2.490150
2022-08-15,-2.769300,2.398950
2022-08-16,3.136700,3.104651
2022-08-17,0.172500,2.802006
2022-08-18,2.975300,2.278509
2022-08-19,-3.772400,3.013149
2022-08-20,0.223900,3.189822
2022-08-21,1.556600,2.275947
2022-08-22,-2.207900,2.627097
2022-08-23,1.913200,2.830019
2022-08-24,-0.424500,2.608533
2022-08-25,3.280200,2.320089
2022-08-26,-4.505400,3.084367
2022-08-27,-1.195500,3.390537
2022-08-28,0.793500,2.447933
2022-08-29,-0.024900,2.422281
2022-08-30,0.355900,2.250660
2022-08-31,-1.028900,2.340149
2022-09-01,1.226100,2.517992
2022-09-02,0.249400,2.509063
2022-09-03,-2.449400,2.303749
2022-09-04,4.650900,3.023428
2022-09-05,-0.868300,3.149918
2022-09-06,-0.713500,2.394835
2022-09-07,3.165700,2.415174
2022-09-08,-3.598900,3.012015
2022-09-09,0.063900,3.136838
2022-09-10,1.226900,2.251946
2022-09-11,-1.441100,2.548415
2022-09-12,2.213000,2.611322
2022-09-13,-0.183300,2.714268
2022-09-14,-4.265700,2.255611
2022-09-15,1.745800,3.854631
2022-09-16,-1.286000,2.465898
2022-09-17,1.014600,2.578386
2022-09-18,0.493600,2.456468
2022-09-19,1.232000,2.357148
2022-09-20,-0.379000,2.533064
2022-09-21,0.887600,2.311618
2022-09-22,-1.728500,2.457974
2022-09-23,-1.465800,2.719547
2022-09-24,2.954900,2.589990
2022-09-25,-2.819500,2.896284
2022-09-26,3.353500,2.940583
2022-09-27,-2.087800,2.887204
2022-09-28,1.173300,2.732496
2022-09-29,0.958000,2.472509
2022-09-30,-5.154800,2.455727
2022-10-01,-0.186700,4.095090
2022-10-02,2.847000,2.233144
2022-10-03,1.247000,2.994207
2022-10-04,-0.269800,2.460148
2022-10-05,-0.138000,2.285100
2022-10-06,-2.284200,2.253238
2022-10-07,0.892800,2.980210
2022-10-08,-0.766400,2.397804
2022-10-09,2.684500,2.430569
2022-10-10,1.311600,2.877616
2022-10-11,-2.604900,2.483889
2022-10-12,2.602500,3.009321
2022-10-13,-6.139600,2.715488
2022-10-14,2.079900,4.291366
2022-10-15,1.842600,2.477482
2022-10-16,-1.213100,2.656314
2022-10-17,2.271300,2.528640
2022-10-18,-2.158300,2.746984
2022-10-19,0.683900,2.784109
2022-10-20,-0.075000,2.373266
2022-10-21,1.461100,2.241247
2022-10-22,-1.898700,2.609634
2022-10-23,3.571800,2.738014
2022-10-24,-1.881900,2.998669
2022-10-25,-0.852100,2.656228
2022-10-26,-3.422500,2.429859
2022-10-27,3.519000,3.344610
2022-10-28,-2.280900,2.823153
2022-10-29,-0.158000,2.801765
2022-10-30,0.497400,2.247749
2022-10-31,2.946000,2.373047
2022-11-01,-2.915400,2.967633
2022-11-02,0.595700,2.947727
2022-11-03,-1.448100,2.347409
2022-11-04,2.245500,2.652260
2022-11-05,-2.499800,2.712749
2022-11-06,1.844100,2.897469
2022-11-07,-0.591800,2.584421
2022-11-08,0.402200,2.365746
2022-11-09,1.863700,2.343326
2022-11-10,1.098700,2.690437
2022-11-11,-0.855900,2.461995
2022-11-12,-0.774000,2.450246
2022-11-13,-0.516600,2.427603
2022-11-14,0.069800,2.355447
2022-11-15,1.977900,2.272147
2022-11-16,-3.079100,2.737548
2022-11-17,-1.360700,3.075226
2022-11-18,-1.487000,2.515386
2022-11-19,9.166300,2.631269
2022-11-20,-3.742400,4.853285
2022-11-21,-4.304200,2.757517
2022-11-22,2.699600,3.494589
2022-11-23,0.973500,2.651704
2022-11-24,-1.817400,2.440556
2022-11-25,-0.969200,2.752915
2022-11-26,0.304900,2.451637
2022-11-27,2.902000,2.317794
2022-11-28,-3.771100,2.976350
2022-11-29,4.702300,3.204232
2022-11-30,-1.862200,3.096993
2022-12-01,0.171700,2.635153
2022-12-02,-1.960600,2.283681
2022-12-03,0.983600,2.847416
2022-12-04,0.631500,2.424775
2022-12-05,2.091700,2.389050
2022-12-06,-0.529900,2.737123
2022-12-07,0.003600,2.340417
2022-12-08,-4.537700,2.258477
2022-12-09,4.991400,3.990358
2022-12-10,1.095500,2.938111
2022-12-11,-6.032600,2.437680
2022-12-12,3.337600,4.572141
2022-12-13,-0.435200,2.611687
2022-12-14,-1.527000,2.322726
2022-12-15,-0.414800,2.684117
2022-12-16,0.072800,2.314077
2022-12-17,5.767100,2.274078
2022-12-18,-1.022300,3.952383
2022-12-19,-2.778600,2.377968
2022-12-20,-2.553300,3.117665
2022-12-21,3.897700,2.808694
2022-12-22,0.493100,3.052340
2022-12-23,-1.702300,2.324625
2022-12-24,-0.419600,2.743687
2022-12-25,0.311500,2.312636
2022-12-26,0.168300,2.326479
2022-12-27,-3.069000,2.294362
2022-12-28,2.511600,3.276831
2022-12-29,-3.345300,2.652027
2022-12-30,3.819500,3.201649
2022-12-31,4.354500,2.915108
2023-01-01,-4.222400,3.121811
2023-01-02,2.494900,3.284353
2023-01-03,-1.987900,2.647891
2023-01-04,2.058100,2.756418
2023-01-05,-2.238500,2.651137
2023-01-06,-4.275200,2.833103
2023-01-07,6.319600,3.441156
2023-01-08,-3.346400,3.354065
2023-01-09,3.626200,2.957989
2023-01-10,-3.589400,2.941737
2023-01-11,3.313200,3.160792
2023-01-12,-7.404200,2.824353
2023-01-13,4.757000,4.768659
2023-01-14,-2.831800,2.767982
2023-01-15,5.047500,2.984629
2023-01-16,-1.047500,3.258901
2023-01-17,-1.216400,2.426498
2023-01-18,-0.103000,2.563389
2023-01-19,0.906100,2.238444
2023-01-20,-0.421500,2.471305
2023-01-21,-4.019800,2.326204
2023-01-22,0.964500,3.674035
2023-01-23,0.212500,2.367006
2023-01-24,6.856200,2.302199
2023-01-25,-2.312400,4.355748
2023-01-26,-3.909000,2.572998
2023-01-27,3.322900,3.453776
2023-01-28,-0.650200,2.765651
2023-01-29,0.330200,2.368899
2023-01-30,2.046100,2.327478
2023-01-31,-4.622200,2.741076
2023-02-01,1.108700,3.625609
2023-02-02,3.358600,2.390407
2023-02-03,0.471300,3.076082
2023-02-04,-5.140900,2.319940
2023-02-05,4.894000,4.239212
2023-02-06,-4.283200,2.872563
2023-02-07,2.055600,3.422746
2023-02-08,-3.197800,2.554237
2023-02-09,0.322700,3.193568
2023-02-10,1.090800,2.291424
2023-02-11,0.227900,2.508943
2023-02-12,0.223200,2.299405
2023-02-13,-0.835300,2.307590
2023-02-14,0.745900,2.461457
2023-02-15,3.457500,2.410697
2023-02-16,-3.423100,3.095300
2023-02-17,2.530300,3.055412
2023-02-18,-0.141000,2.692663
2023-02-19,-5.085800,2.245725
2023-02-20,5.119700,4.300892
2023-02-21,-3.159800,2.894515
2023-02-22,5.979100,3.044272
2023-02-23,-8.137100,3.459435
2023-02-24,3.611000,4.399100
2023-02-25,-0.377300,2.666719
2023-02-26,1.850300,2.305338
2023-02-27,-1.345700,2.695880
2023-02-28,-0.200100,2.560080
2023-03-01,-0.176800,2.263532
2023-03-02,-2.738500,2.265083
2023-03-03,5.280000,3.155750
2023-03-04,0.041000,3.241778
2023-03-05,0.359000,2.246418
2023-03-06,-2.429800,2.341128
2023-03-07,0.921800,3.000783
2023-03-08,-0.437800,2.401446
2023-03-09,-0.903300,2.334623
2023-03-10,-0.995300,2.479369
2023-03-11,1.546300,2.489094
2023-03-12,0.990100,2.585214
2023-03-13,-2.862500,2.450620
2023-03-14,0.892300,3.116758
2023-03-15,0.857600,2.388303
2023-03-16,1.549800,2.442513
2023-03-17,-4.209900,2.594009
2023-03-18,-0.336500,3.560218
2023-03-19,5.346600,2.268508
2023-03-20,-1.307600,3.799533
2023-03-21,-1.334200,2.439285
2023-03-22,2.385300,2.597866
2023-03-23,-1.788300,2.757272
2023-03-24,-2.386900,2.674313
2023-03-25,-1.592400,2.873239
2023-03-26,3.837600,2.600551
2023-03-27,-5.387600,3.117895
2023-03-28,7.539600,3.666597
2023-03-29,0.644000,3.515676
2023-03-30,-1.824500,2.328234
2023-03-31,-1.916100,2.785291
2023-04-01,-1.208100,2.705162
2023-04-02,4.383300,2.520852
2023-04-03,-1.384100,3.306680
2023-04-04,-3.599000,2.496303
2023-04-05,1.343800,3.376803
2023-04-06,2.065500,2.443366
2023-04-07,-1.093700,2.717440
2023-04-08,-0.263700,2.488373
2023-04-09,-1.509000,2.282470
2023-04-10,2.885100,2.687282
2023-04-11,0.691200,2.851081
2023-04-12,-5.894600,2.370248
2023-04-13,6.349600,4.589235
2023-04-14,-0.654400,3.016354
2023-04-15,-2.762500,2.354788
2023-04-16,0.973100,3.122101
2023-04-17,-2.241200,2.401618
2023-04-18,0.171700,2.909667
2023-04-19,-0.494300,2.275195
2023-04-20,1.023000,2.359355
2023-04-21,0.465500,2.483737
2023-04-22,1.159500,2.349489
2023-04-23,1.357400,2.517038
2023-04-24,-5.089300,2.538219
2023-04-25,7.325100,3.982922
2023-04-26,0.746700,3.345211
2023-04-27,-7.758500,2.351508
2023-04-28,4.996300,5.824062
2023-04-29,0.545400,2.673054
2023-04-30,-6.350100,2.353888
2023-05-01,6.577300,4.882041
2023-05-02,-3.617400,2.988412
2023-05-03,-1.039200,3.151441
2023-05-04,3.053600,2.433117
2023-05-05,1.107000,2.974671
2023-05-06,-1.642800,2.436589
2023-05-07,-1.020200,2.696657
2023-05-08,-1.478400,2.470942
2023-05-09,2.098400,2.637079
2023-05-10,-2.822000,2.682839
2023-05-11,10.273800,3.010611
2023-05-12,-5.816000,4.762540
2023-05-13,-0.697000,3.147234
2023-05-14,-0.834300,2.357095
2023-05-15,1.903600,2.455392
2023-05-16,0.669800,2.675443
2023-05-17,-3.035600,2.378001
2023-05-18,2.238500,3.218034
2023-05-19,-0.736600,2.611987
2023-05-20,-0.689800,2.402648
2023-05-21,-1.555200,2.407470
2023-05-22,2.053200,2.674610
2023-05-23,-1.324100,2.665375
2023-05-24,-1.700400,2.558484
2023-05-25,4.047100,2.688270
2023-05-26,-3.080700,3.135915
2023-05-27,2.518300,2.946418
2023-05-28,0.306700,2.710777
2023-05-29,-0.968700,2.306397
2023-05-30,2.113100,2.503705
2023-05-31,-4.004000,2.714985
2023-06-01,1.598100,3.407817
2023-06-02,-1.922200,2.481411
2023-06-03,1.833000,2.776944
2023-06-04,4.140700,2.600540
2023-06-05,-7.712100,3.199074
2023-06-06,4.682300,4.478380
2023-06-07,-1.847900,2.801115
2023-06-08,-1.723700,2.682749
2023-06-09,3.549600,2.670071
2023-06-10,1.584400,3.016990
2023-06-11,-4.668500,2.519379
2023-06-12,1.656400,3.809437
2023-06-13,1.041000,2.456712
2023-06-14,-2.844600,2.475844
2023-06-15,2.381400,3.099134
2023-06-16,-0.884500,2.656555
2023-06-17,0.552800,2.438535
2023-06-18,-1.256100,2.371005
2023-06-19,0.573400,2.585222
2023-06-20,0.394300,2.365043
2023-06-21,2.420100,2.341644
2023-06-22,-6.988500,2.835577
2023-06-23,5.516400,4.553993
2023-06-24,-1.036800,2.904398
2023-06-25,-0.338300,2.454208
2023-06-26,-1.131800,2.304092
2023-06-27,1.151400,2.556546
2023-06-28,-0.941100,2.487986
2023-06-29,2.854500,2.472185
2023-06-30,-2.815300,2.908406
2023-07-01,-0.245300,2.935750
2023-07-02,1.020200,2.264935
2023-07-03,0.435900,2.495555
2023-07-04,-1.687200,2.342619
2023-07-05,0.470900,2.733880
2023-07-06,1.031300,2.336179
2023-07-07,-1.002600,2.488661
2023-07-08,-0.822400,2.490085
2023-07-09,1.891700,2.437628
2023-07-10,-1.318300,2.676379
2023-07-11,2.668400,2.555257
2023-07-12,-0.017700,2.836166
2023-07-13,-0.817300,2.244048
2023-07-14,-2.057600,2.463414
2023-07-15,1.360800,2.826874
2023-07-16,0.033400,2.498995
2023-07-17,1.970200,2.260678
2023-07-18,-1.348600,2.738511
2023-07-19,-1.725200,2.554768
2023-07-20,5.730600,2.696723
2023-07-21,-0.326000,3.594732
2023-07-22,-0.214400,2.265759
2023-07-23,-7.352100,2.276069
2023-07-24,2.448700,5.708052
2023-07-25,1.325900,2.432819
2023-07-26,-1.745200,2.543563
2023-07-27,-0.382000,2.705382
2023-07-28,2.978000,2.304919
2023-07-29,-1.110600,3.003121
2023-07-30,0.569900,2.462829
2023-07-31,-0.491600,2.372884
2023-08-01,0.065400,2.351866
2023-08-02,-2.001000,2.271319
2023-08-03,3.382900,2.866310
2023-08-04,-0.302200,2.914416
2023-08-05,-2.318800,2.278474
2023-08-06,2.397400,2.983504
2023-08-07,-1.848100,2.679590
2023-08-08,-1.018400,2.707292
2023-08-09,0.178500,2.469317
2023-08-10,1.483200,2.290919
2023-08-11,-2.329100,2.605597
2023-08-12,4.684600,2.874880
2023-08-13,-0.219300,3.217712
2023-08-14,-2.038100,2.253059
2023-08-15,1.450600,2.886336
2023-08-16,0.539200,2.509466
2023-08-17,-3.060000,2.363152
2023-08-18,3.504100,3.235505
2023-08-19,-4.290100,2.844585
2023-08-20,3.303900,3.440193
2023-08-21,-2.412400,2.764844
2023-08-22,2.436700,2.855775
2023-08-23,0.345600,2.711909
2023-08-24,-0.661500,2.313657
2023-08-25,-2.936300,2.407127
2023-08-26,0.593800,3.164756
2023-08-27,1.305900,2.336080
2023-08-28,5.446500,2.554027
2023-08-29,-5.072400,3.605432
2023-08-30,0.100000,3.332871
2023-08-31,-1.564100,2.253611
2023-09-01,3.683000,2.713518
2023-09-02,-1.855600,3.034413
2023-09-03,1.483900,2.643501
2023-09-04,-1.478600,2.547543
2023-09-05,-1.862700,2.622772
2023-09-06,4.188700,2.724013
2023-09-07,-3.018200,3.157279
2023-09-08,0.125700,2.923496
2023-09-09,-0.459300,2.266922
2023-09-10,0.354200,2.349287
2023-09-11,-1.824900,2.333814
2023-09-12,1.805000,2.783866
2023-09-13,-0.170600,2.593685
2023-09-14,0.474700,2.255137
2023-09-15,-3.547500,2.367209
2023-09-16,4.080700,3.434644
2023-09-17,-1.783200,2.907334
2023-09-18,-1.112400,2.645798
2023-09-19,1.673600,2.501973
2023-09-20,2.708200,2.612207
2023-09-21,-0.340500,2.829938
2023-09-22,-3.841900,2.290115
2023-09-23,1.507400,3.620378
2023-09-24,0.636200,2.449486
2023-09-25,1.762600,2.388074
2023-09-26,0.524300,2.655430
2023-09-27,-4.345800,2.350845
2023-09-28,0.479000,3.806030
2023-09-29,2.807800,2.294951
2023-09-30,-2.993200,2.958390
2023-10-01,4.300800,2.973293
2023-10-02,-2.416900,3.087991
2023-10-03,1.173800,2.779172
2023-10-04,-0.500500,2.467678
2023-10-05,-2.592600,2.348338
2023-10-06,-1.007300,3.059498
2023-10-07,3.470400,2.433337
2023-10-08,-2.339300,3.089095
2023-10-09,2.182200,2.758540
2023-10-10,-2.987900,2.677180
2023-10-11,2.857900,3.067861
2023-10-12,3.105500,2.754520
2023-10-13,-8.159500,2.883400
2023-10-14,3.549400,5.068178
2023-10-15,0.899700,2.589102
2023-10-16,-2.540800,2.431426
2023-10-17,-0.520900,3.006407
2023-10-18,5.616800,2.324875
2023-10-19,-3.031500,3.846961
2023-10-20,-2.370800,2.778035
2023-10-21,-0.059900,2.839714
2023-10-22,2.885600,2.236644
2023-10-23,-2.381200,3.004181
2023-10-24,2.338100,2.787907
2023-10-25,1.101900,2.704738
2023-10-26,3.475600,2.461151
2023-10-27,-5.727400,3.078701
2023-10-28,2.500600,3.812108
2023-10-29,-0.978900,2.579449
2023-10-30,-3.707700,2.472528
2023-10-31,5.026200,3.434749
2023-11-01,-1.735400,3.089258
2023-11-02,-0.290000,2.604829
2023-11-03,0.306000,2.285401
2023-11-04,2.509900,2.326766
2023-11-05,-5.855400,2.864444
2023-11-06,5.748100,4.025505
2023-11-07,-1.717300,3.054515
2023-11-08,-0.349000,2.605421
2023-11-09,3.057700,2.300607
2023-11-10,-4.073900,3.027911
2023-11-11,1.865000,3.278332
2023-11-12,-0.195000,2.538929
2023-11-13,1.389600,2.262750
2023-11-14,-2.781200,2.587344
2023-11-15,1.340000,3.031762
2023-11-16,-1.743400,2.473311
2023-11-17,0.714600,2.720774
2023-11-18,-2.885700,2.383493
2023-11-19,5.700700,3.156467
2023-11-20,-1.996700,3.338175
2023-11-21,-0.536300,2.631049
2023-11-22,-0.288400,2.348087
2023-11-23,1.320000,2.294540
2023-11-24,-2.582800,2.564367
2023-11-25,3.573300,2.972307
2023-11-26,-1.338800,2.926070
2023-11-27,-0.955900,2.527515
2023-11-28,-0.089300,2.471902
2023-11-29,0.381600,2.236742
2023-11-30,2.513100,2.346967
2023-12-01,-4.658800,2.858822
2023-12-02,1.815300,3.564795
2023-12-03,-2.158600,2.501025
2023-12-04,-0.902700,2.849772
2023-12-05,1.536000,2.425782
2023-12-06,4.675100,2.593702
2023-12-07,-3.311700,3.351093
2023-12-08,-2.390100,2.949809
2023-12-09,4.359600,2.802754
2023-12-10,-1.785500,3.167521
2023-12-11,-0.298200,2.605772
2023-12-12,-2.656100,2.287478
2023-12-13,1.764700,3.111617
2023-12-14,3.613200,2.540986
2023-12-15,-1.683100,3.082922
2023-12-16,-1.600000,2.592824
2023-12-17,1.888600,2.650840
2023-12-18,-1.722200,2.633689
2023-12-19,-4.227900,2.679344
2023-12-20,2.192100,3.512821
2023-12-21,1.214800,2.565988
2023-12-22,2.436000,2.500440
2023-12-23,-2.297900,2.794180
2023-12-24,1.045200,2.813882
2023-12-25,2.075800,2.439407
2023-12-26,-0.363500,2.720903
2023-12-27,-0.928000,2.299693
2023-12-28,-2.057600,2.491677
2023-12-29,1.844700,2.818838
2023-12-30,-2.600000,2.596370
2023-12-31,1.143000,2.967028
2024-01-01,1.838500,2.443780
2024-01-02,0.786500,2.662247
2024-01-03,-5.805600,2.402043
2024-01-04,6.435300,4.495698
2024-01-05,-3.412800,3.049673
2024-01-06,3.326100,3.067601
2024-01-07,1.499400,2.848862
2024-01-08,-5.974500,2.523417
2024-01-09,2.610900,4.429851
2024-01-10,-2.430500,2.533646
2024-01-11,3.128500,2.931074
2024-01-12,5.441200,2.841275
2024-01-13,-7.219200,3.427806
2024-01-14,2.409800,4.093189
2024-01-15,-3.250600,2.537564
2024-01-16,-1.006900,3.221006
2024-01-17,0.112600,2.420469
2024-01-18,2.319700,2.279070
2024-01-19,0.673500,2.827729
2024-01-20,0.169900,2.368485
2024-01-21,0.552400,2.293021
2024-01-22,-1.942500,2.382125
2024-01-23,3.906400,2.811040
2024-01-24,-3.400300,3.053583
2024-01-25,-0.627000,3.062602
2024-01-26,-1.138900,2.346078
2024-01-27,5.413200,2.551984
2024-01-28,-3.585200,3.596496
2024-01-29,-3.066600,2.955376
2024-01-30,4.356400,2.995956
2024-01-31,-4.948200,3.092634
2024-02-01,6.679800,3.531796
2024-02-02,-1.909300,3.392908
2024-02-03,1.492300,2.603498
2024-02-04,0.059600,2.555155
2024-02-05,-1.602400,2.264412
2024-02-06,2.364600,2.724299
2024-02-07,-4.466700,2.723779
2024-02-08,3.110600,3.576791
2024-02-09,-1.072200,2.707722
2024-02-10,-3.097900,2.483700
2024-02-11,1.545900,3.189753
2024-02-12,-0.079000,2.493760
2024-02-13,0.833500,2.238449
2024-02-14,0.183900,2.453693
2024-02-15,-1.036600,2.292625
2024-02-16,1.087800,2.527491
2024-02-17,-4.534100,2.477740
2024-02-18,5.174600,3.784102
2024-02-19,-1.661900,3.018124
2024-02-20,-0.124400,2.596840
2024-02-21,-0.721600,2.243332
2024-02-22,1.994500,2.432877
2024-02-23,0.164600,2.702467
2024-02-24,3.399100,2.280152
2024-02-25,-0.430600,3.138505
2024-02-26,-2.599700,2.299619
2024-02-27,-1.155200,3.083686
2024-02-28,-1.839300,2.465777
2024-02-29,1.896200,2.753769
2024-03-01,1.330000,2.617462
2024-03-02,-1.504300,2.518428
2024-03-03,3.309700,2.636003
2024-03-04,-3.928900,2.969193
2024-03-05,-0.634000,3.257536
2024-03-06,-0.625100,2.337939
2024-03-07,3.607800,2.393944
2024-03-08,-2.542700,3.145954
2024-03-09,0.712500,2.799659
2024-03-10,0.849600,2.377587
2024-03-11,3.654100,2.441848
2024-03-12,0.147600,3.137056
2024-03-13,-2.555400,2.265231
2024-03-14,0.663600,3.081759
2024-03-15,-1.554700,2.351836
2024-03-16,-0.651700,2.686804
2024-03-17,0.813700,2.374564
2024-03-18,-0.369800,2.434042
2024-03-19,0.902800,2.313739
2024-03-20,1.901000,2.461290
2024-03-21,-3.261800,2.673565
2024-03-22,-0.782500,3.162849
2024-03-23,2.184600,2.374995
2024-03-24,-1.154500,2.764399
2024-03-25,4.697000,2.499157
2024-03-26,-7.030500,3.411548
2024-03-27,2.323200,4.039378
2024-03-28,4.040000,2.530690
2024-03-29,-2.228200,3.204140
2024-03-30,-0.599500,2.708130
2024-03-31,-1.073400,2.359730
2024-04-01,2.724200,2.529133
2024-04-02,-3.198400,2.857506
2024-04-03,-0.010400,3.069348
2024-04-04,5.632900,2.241305
2024-04-05,-3.727200,3.934024
2024-04-06,-1.038700,2.910325
2024-04-07,0.172400,2.454116
2024-04-08,1.149000,2.290241
2024-04-09,-1.451600,2.523212
2024-04-10,0.510800,2.619007
2024-04-11,-0.189300,2.350383
2024-04-12,-4.229700,2.266253
2024-04-13,4.036600,3.826649
2024-04-14,1.280000,2.816396
2024-04-15,-1.935500,2.484435
2024-04-16,-2.403400,2.780518
2024-04-17,4.091100,2.848838
2024-04-18,-0.795600,3.084007
2024-04-19,-0.370300,2.382864
2024-04-20,0.847200,2.316377
2024-04-21,-3.559100,2.447986
2024-04-22,1.675100,3.389259
2024-04-23,1.357400,2.495594
2024-04-24,0.322700,2.541349
2024-04-25,-1.089200,2.317075
2024-04-26,-1.604500,2.540674
2024-04-27,0.674700,2.662432
2024-04-28,-2.411200,2.379888
2024-04-29,5.968200,2.978842
2024-04-30,-4.027800,3.491452
2024-05-01,1.639700,3.095242
2024-05-02,-1.125300,2.520432
2024-05-03,0.809700,2.521932
2024-05-04,-1.655100,2.418852
2024-05-05,2.358400,2.704714
2024-05-06,0.227100,2.726651
2024-05-07,-1.832800,2.290943
2024-05-08,1.762400,2.798937
2024-05-09,-1.230800,2.582673
2024-05-10,0.022600,2.543890
2024-05-11,-1.096900,2.257456
2024-05-12,1.595500,2.552832
2024-05-13,0.477000,2.585751
2024-05-14,-0.745500,2.345644
2024-05-15,-0.360700,2.429580
2024-05-16,1.899900,2.311413
2024-05-17,-4.620300,2.707228
2024-05-18,1.273400,3.647659
2024-05-19,-2.365700,2.413019
2024-05-20,3.296800,2.950128
2024-05-21,-2.628400,2.872437
2024-05-22,2.843900,2.890794
2024-05-23,1.681200,2.790296
2024-05-24,0.030800,2.567445
2024-05-25,-1.343300,2.258497
2024-05-26,-1.941100,2.635643
2024-05-27,3.538300,2.744995
2024-05-28,0.150300,2.988241
2024-05-29,-2.244800,2.269410
2024-05-30,2.541700,2.958697
2024-05-31,-4.997700,2.713121
2024-06-01,1.445500,3.795336
2024-06-02,0.343500,2.427854
2024-06-03,3.307700,2.327123
2024-06-04,-4.432400,3.089267
2024-06-05,3.208000,3.364794
2024-06-06,0.953900,2.761971
2024-06-07,0.537300,2.426498
2024-06-08,0.191800,2.368546
2024-06-09,-3.229500,2.297699
2024-06-10,2.004100,3.342713
2024-06-11,-3.801000,2.555022
2024-06-12,2.454000,3.422092
2024-06-13,1.620400,2.620738
2024-06-14,0.490900,2.580285
2024-06-15,-6.469100,2.348756
2024-06-16,7.183400,4.963745
2024-06-17,-2.295700,3.053945
2024-06-18,0.106000,2.754301
2024-06-19,-1.110000,2.267872
2024-06-20,-1.453900,2.555429
2024-06-21,0.505700,2.613925
2024-06-22,2.985300,2.349679
2024-06-23,-0.335100,2.987462
2024-06-24,-1.979900,2.283709
2024-06-25,-1.135300,2.854472
2024-06-26,-1.505200,2.484033
2024-06-27,3.961400,2.642906
2024-06-28,-0.516900,3.132652
2024-06-29,2.696600,2.318481
2024-06-30,0.480700,2.918507
2024-07-01,-5.417000,2.328683
2024-07-02,2.820800,4.378407
2024-07-03,3.631000,2.565122
2024-07-04,-4.955200,3.077834
2024-07-05,-0.904800,3.542272
2024-07-06,2.111100,2.378224
2024-07-07,-4.529900,2.744774
2024-07-08,5.418400,3.587609
2024-07-09,-2.121200,3.118385
2024-07-10,3.702200,2.696704
2024-07-11,-2.724400,3.045313
2024-07-12,-1.783100,2.872236
2024-07-13,0.218300,2.651835
2024-07-14,3.582600,2.291990
2024-07-15,-2.856700,3.188569
2024-07-16,0.103500,2.872247
2024-07-17,0.945300,2.264388
2024-07-18,-1.224400,2.477493
2024-07-19,2.016700,2.557752
2024-07-20,-3.837900,2.680539
2024-07-21,2.065700,3.365399
2024-07-22,2.263300,2.562679
2024-07-23,-2.827400,2.736984
2024-07-24,0.767700,2.993614
2024-07-25,0.267600,2.374858
2024-07-26,-0.264000,2.313664
2024-07-27,-2.011100,2.288861
2024-07-28,1.562200,2.864232
2024-07-29,2.973200,2.533746
2024-07-30,-5.134300,2.918714
2024-07-31,0.465100,3.702161
2024-08-01,2.927500,2.296235
2024-08-02,0.947200,2.992100
2024-08-03,2.885800,2.406581
2024-08-04,-4.350600,2.939039
2024-08-05,-2.417700,3.411339
2024-08-06,3.761500,2.717243
2024-08-07,0.989900,3.052453
2024-08-08,0.092300,2.409566
2024-08-09,-3.168500,2.275201
2024-08-10,1.463400,3.330248
2024-08-11,-0.167900,2.466591
2024-08-12,-1.195900,2.257361
2024-08-13,0.962200,2.585891
2024-08-14,-1.419600,2.444726
2024-08-15,-2.093500,2.623642
2024-08-16,2.617600,2.794995
2024-08-17,1.533100,2.763582
2024-08-18,0.451400,2.541127
2024-08-19,-1.606200,2.343109
2024-08-20,-0.125300,2.706185
2024-08-21,-1.341600,2.241658
2024-08-22,3.329400,2.638609
2024-08-23,2.677000,2.973201
2024-08-24,-0.534100,2.737640
2024-08-25,-2.618400,2.341441
2024-08-26,-5.494300,3.072376
2024-08-27,4.292200,3.732485
2024-08-28,2.381100,2.877652
2024-08-29,-0.421600,2.696032
2024-08-30,-3.715500,2.315255
2024-08-31,3.606400,3.543700
2024-09-01,0.401100,2.798150
2024-09-02,-1.055800,2.320049
2024-09-03,-0.191700,2.529507
2024-09-04,-0.835000,2.262127
2024-09-05,-0.111500,2.466869
2024-09-06,3.537100,2.242271
2024-09-07,-6.091000,3.200475
2024-09-08,4.702200,3.859045
2024-09-09,-2.383400,2.919334
2024-09-10,3.004700,2.808048
2024-09-11,-3.501500,2.845834
2024-09-12,-0.115300,3.171082
2024-09-13,-0.957300,2.232425
2024-09-14,3.757200,2.510593
2024-09-15,-2.768700,3.134965
2024-09-16,1.767400,2.861931
2024-09-17,-0.466600,2.574424
2024-09-18,-2.880300,2.332914
2024-09-19,1.274900,3.179071
2024-09-20,-0.734300,2.448387
2024-09-21,3.105800,2.416268
2024-09-22,0.953200,2.995168
2024-09-23,-1.183200,2.407415
2024-09-24,-0.151000,2.556136
2024-09-25,0.987100,2.250920
2024-09-26,3.236900,2.489408
2024-09-27,-7.426000,3.002802
2024-09-28,3.198100,4.563293
2024-09-29,-0.252200,2.595056
2024-09-30,-0.149400,2.275996
2024-10-01,3.883000,2.256755
2024-10-02,-1.452000,3.302572
2024-10-03,-3.225500,2.511809
2024-10-04,0.380500,3.224179
2024-10-05,3.661500,2.299511
2024-10-06,-7.632700,3.208899
2024-10-07,6.562100,4.436277
2024-10-08,-2.687200,3.082827
2024-10-09,2.797500,2.852687
2024-10-10,-2.479800,2.789249
2024-10-11,2.082500,2.869470
2024-10-12,-3.017800,2.636418
2024-10-13,3.152800,3.094014
2024-10-14,-2.725500,2.807596
2024-10-15,2.717500,2.938908
2024-10-16,-5.124200,2.753089
2024-10-17,3.077900,3.816380
2024-10-18,-2.362300,2.666447
2024-10-19,2.813700,2.867747
2024-10-20,2.843300,2.789209
2024-10-21,-4.664800,2.814683
2024-10-22,-0.580900,3.594266
2024-10-23,2.495800,2.313382
2024-10-24,0.402400,2.864954
2024-10-25,0.091000,2.317274
2024-10-26,-0.930800,2.277919
2024-10-27,-1.884800,2.495518
2024-10-28,1.641300,2.761125
2024-10-29,0.315900,2.563515
2024-10-30,-0.418300,2.314667
2024-10-31,-0.589900,2.334004
2024-11-01,0.079200,2.383717
2024-11-02,0.219900,2.273267
2024-11-03,-1.406900,2.308090
2024-11-04,0.468500,2.646794
2024-11-05,1.585300,2.340458
2024-11-06,-2.054700,2.621426
2024-11-07,5.680200,2.783457
2024-11-08,-3.929100,3.525831
2024-11-09,-0.337200,3.059555
2024-11-10,1.278700,2.281967
2024-11-11,-0.154200,2.556296
2024-11-12,1.208800,2.251743
2024-11-13,-5.193900,2.543935
2024-11-14,1.407300,4.025856
2024-11-15,1.983200,2.408060
2024-11-16,0.967100,2.705398
2024-11-17,-0.777000,2.434189
2024-11-18,3.263100,2.430058
2024-11-19,-1.927900,3.032916
2024-11-20,-0.424400,2.662290
2024-11-21,-2.805700,2.317515
2024-11-22,4.531200,3.156900
2024-11-23,-3.370700,3.076133
2024-11-24,0.178000,3.046491
2024-11-25,2.007900,2.272461
2024-11-26,-0.478300,2.745446
2024-11-27,-0.470600,2.327103
2024-11-28,-1.427300,2.348705
2024-11-29,1.235000,2.645109
2024-11-30,-5.441800,2.495000
2024-12-01,5.925300,4.194337
2024-12-02,-2.424400,3.041581
2024-12-03,-14.670400,2.791279
2024-12-04,9.306000,10.325342
2024-12-05,5.745700,2.669108
2024-12-06,3.804100,3.617609
2024-12-07,-1.878000,2.817825
2024-12-08,-2.371100,2.687963
2024-12-09,3.486900,2.864381
2024-12-10,0.521300,2.938406
2024-12-11,-4.868000,2.334842
2024-12-12,1.427200,4.079287
2024-12-13,4.155000,2.407533
2024-12-14,-3.634200,3.300985
2024-12-15,-1.366800,3.049323
2024-12-16,2.153900,2.519810
2024-12-17,2.172500,2.721028
2024-12-18,-3.380600,2.682398
2024-12-19,0.381300,3.200349
2024-12-20,-0.320500,2.300474
2024-12-21,-0.578200,2.305916
2024-12-22,1.614800,2.382475
2024-12-23,0.836800,2.620507
2024-12-24,0.901600,2.415661
2024-12-25,0.206200,2.449448
2024-12-26,-0.247400,2.297397
2024-12-27,-1.916300,2.284642
2024-12-28,-3.013100,2.830966
2024-12-29,2.258600,3.020485
2024-12-30,-0.025200,2.646064
2024-12-31,-1.591500,2.246155
2025-01-01,-0.523100,2.725127
2025-01-02,4.220900,2.339361
2025-01-03,-0.837700,3.361018
2025-01-04,1.053300,2.375037
2025-01-05,-2.528200,2.488748
2025-01-06,3.365500,2.980422
2025-01-07,-0.847800,2.879164
2025-01-08,-1.857300,2.409786
2025-01-09,-5.260300,2.774241
2025-01-10,5.733200,3.855391
2025-01-11,1.688300,3.097518
2025-01-12,-1.666000,2.528907
2025-01-13,0.185100,2.683875
2025-01-14,-1.016400,2.284588
2025-01-15,3.595500,2.522168
2025-01-16,-6.214800,3.085929
2025-01-17,5.212000,3.987641
2025-01-18,-3.295100,2.974776
2025-01-19,1.741100,3.057973
2025-01-20,-1.363500,2.543260
2025-01-21,0.018600,2.588965
2025-01-22,-2.017500,2.255641
2025-01-23,5.320700,2.877726
2025-01-24,-1.968200,3.377162
2025-01-25,-3.535100,2.618969
2025-01-26,2.613200,3.285994
2025-01-27,0.930300,2.668743
2025-01-28,-1.528600,2.430227
2025-01-29,0.273200,2.661171
2025-01-30,1.771600,2.302098
2025-01-31,0.004400,2.676395
2025-02-01,-0.671500,2.251073
2025-02-02,1.614500,2.416227
2025-02-03,-2.861100,2.614051
2025-02-04,0.488800,3.049018
2025-02-05,0.820500,2.324051
2025-02-06,0.293800,2.440937
2025-02-07,2.337000,2.316000
2025-02-08,-5.861400,2.821122
2025-02-09,2.013000,4.065723
2025-02-10,2.352700,2.486074
2025-02-11,-3.077300,2.777451
2025-02-12,1.778400,3.059793
2025-02-13,-1.367700,2.549881
2025-02-14,2.732300,2.589116
2025-02-15,-0.615200,2.842155
2025-02-16,1.950400,2.355518
2025-02-17,-0.561500,2.709549
2025-02-18,-3.878400,2.349957
2025-02-19,0.378400,3.591141
2025-02-20,4.229900,2.287542
2025-02-21,-4.493900,3.396316
2025-02-22,0.072200,3.253832
2025-02-23,3.082400,2.250959
2025-02-24,-4.799700,3.056628
2025-02-25,0.891300,3.501466
2025-02-26,-2.733400,2.365381
2025-02-27,4.682000,3.105993
2025-02-28,-2.391500,3.126588
2025-03-01,3.725400,2.764434
2025-03-02,0.747700,3.026607
2025-03-03,-1.277900,2.369333
2025-03-04,-0.617100,2.592501
2025-03-05,0.637000,2.371981
2025-03-06,-1.482100,2.394646
2025-03-07,4.134600,2.653546
2025-03-08,-0.592900,3.173550
2025-03-09,-5.642700,2.333113
2025-03-10,4.119100,4.498511
2025-03-11,-0.709300,2.721771
2025-03-12,0.631500,2.386950
2025-03-13,0.134900,2.392164
2025-03-14,-1.920300,2.284708
2025-03-15,5.145600,2.832399
2025-03-16,-6.006200,3.354504
2025-03-17,0.659200,3.732123
2025-03-18,1.129700,2.321793
2025-03-19,-0.912800,2.513936
2025-03-20,-2.133400,2.461062
2025-03-21,0.123800,2.853205
2025-03-22,-1.386300,2.268421
2025-03-23,3.934300,2.648255
2025-03-24,2.229800,3.123352
2025-03-25,-4.613500,2.624349
2025-03-26,1.448200,3.703730
2025-03-27,-2.830200,2.434602
2025-03-28,0.208500,3.111780
2025-03-29,4.916100,2.275644
2025-03-30,-0.710300,3.638062
2025-03-31,1.792800,2.336038
2025-04-01,0.264500,2.674163
2025-04-02,-3.000300,2.299924
2025-04-03,1.730200,3.245134
2025-04-04,-2.025100,2.519594
2025-04-05,2.389700,2.800481
2025-04-06,-2.836800,2.713206
2025-04-07,2.416000,3.004806
2025-04-08,-2.635400,2.679436
2025-04-09,0.433500,2.950935
2025-04-10,1.071100,2.318956
2025-04-11,4.381500,2.500371
2025-04-12,-7.554900,3.317221
2025-04-13,3.137900,4.305431
2025-04-14,0.597900,2.614344
2025-04-15,-0.684600,2.367999
2025-04-16,0.874800,2.409081
2025-04-17,-0.871100,2.444162
2025-04-18,-2.726400,2.456650
2025-04-19,0.719100,3.063912
2025-04-20,5.814400,2.362221
2025-04-21,-0.816100,3.884156
2025-04-22,-1.517700,2.344764
2025-04-23,-0.604800,2.676009
2025-04-24,-0.580100,2.363135
2025-04-25,0.837700,2.378486
2025-04-26,3.769600,2.439059
2025-04-27,-3.139800,3.171273
2025-04-28,-2.228500,2.952789
2025-04-29,0.315900,2.757451
2025-04-30,0.561700,2.306176
2025-05-01,0.172300,2.383176
2025-05-02,2.121500,2.292952
2025-05-03,-2.709800,2.770144
2025-05-04,-3.898600,2.945626
2025-05-05,4.022500,3.258024
2025-05-06,-3.625900,2.940842
2025-05-07,4.148700,3.172670
2025-05-08,-2.396000,2.990378
2025-05-09,0.906600,2.795054
2025-05-10,0.112400,2.414595
2025-05-11,-2.812100,2.279223
2025-05-12,3.570400,3.178675
2025-05-13,-3.283900,2.871092
2025-05-14,6.464700,3.091354
2025-05-15,-1.590600,3.556557
2025-05-16,-0.604100,2.515721
2025-05-17,-0.906500,2.373892
2025-05-18,0.547800,2.475473
2025-05-19,4.063000,2.367299
2025-05-20,-1.976000,3.295444
2025-05-21,-0.961800,2.632482
2025-05-22,-2.477200,2.461969
2025-05-23,0.782000,2.972180
2025-05-24,2.088000,2.378748
2025-05-25,-0.687900,2.738769
2025-05-26,-1.867500,2.380254
2025-05-27,-0.602200,2.785723
2025-05-28,1.566500,2.355667
2025-05-29,-3.844500,2.613868
2025-05-30,1.186300,3.404725
2025-05-31,3.953200,2.416379
2025-06-01,-0.596000,3.235941
2025-06-02,-1.256300,2.330922
2025-06-03,-4.538500,2.592443
2025-06-04,-0.849300,3.696113
2025-06-05,4.855000,2.359464
2025-06-06,3.897200,3.553391
2025-06-07,-3.353100,2.847189
2025-06-08,-2.495300,3.122437
2025-06-09,1.401300,2.792377
2025-06-10,4.845000,2.511023
2025-06-11,-3.841700,3.449013
2025-06-12,4.756700,3.059701
2025-06-13,-6.607800,3.160414
2025-06-14,-1.819300,4.077768
2025-06-15,4.374800,2.511579
2025-06-16,-1.637600,3.309194
2025-06-17,1.217400,2.552758
2025-06-18,-0.315800,2.502672
2025-06-19,0.800800,2.295958
2025-06-20,4.493500,2.439396
2025-06-21,-4.090100,3.385570
2025-06-22,0.018000,3.145959
2025-06-23,-1.611400,2.244533
2025-06-24,2.290900,2.732641
2025-06-25,-2.102900,2.705848
2025-06-26,-1.667100,2.777447
2025-06-27,0.179000,2.636529
2025-06-28,0.974300,2.285030
2025-06-29,0.391700,2.481798
2025-06-30,1.965700,2.334254
2025-07-01,-1.132100,2.718606
2025-07-02,0.181800,2.498567
2025-07-03,0.592700,2.290493
2025-07-04,0.232900,2.391593
2025-07-05,-1.691000,2.305467
2025-07-06,-2.468600,2.744759
2025-07-07,2.352700,2.878505
2025-07-08,-1.491100,2.690008
2025-07-09,2.558300,2.601850
2025-07-10,1.652600,2.797026
2025-07-11,-6.837300,2.560697
2025-07-12,4.359900,4.840262
2025-07-13,-0.235600,2.708682
2025-07-14,0.373400,2.268543
2025-07-15,-2.625600,2.343016
2025-07-16,2.824500,3.074457
2025-07-17,-0.692000,2.746581
2025-07-18,-0.905200,2.380750
2025-07-19,4.127800,2.474239
2025-07-20,-0.965700,3.257165
2025-07-21,-5.076900,2.408826
2025-07-22,1.180600,4.105807
2025-07-23,5.107900,2.374341
2025-07-24,-4.932800,3.626942
2025-07-25,-1.055800,3.287230
2025-07-26,5.719700,2.426143
2025-07-27,-0.472900,3.793654
2025-07-28,-3.584300,2.287266
2025-07-29,1.413200,3.504937
2025-07-30,-0.321500,2.444150
2025-07-31,-1.013100,2.299891
2025-08-01,0.829700,2.518833
2025-08-02,-0.484700,2.423375
2025-08-03,-0.691000,2.346652
2025-08-04,-0.212700,2.412988
2025-08-05,0.628800,2.270982
2025-08-06,1.172200,2.401690
2025-08-07,-1.066000,2.512636
2025-08-08,2.162600,2.505605
2025-08-09,-1.158000,2.726403
2025-08-10,1.159100,2.504612
2025-08-11,-4.817600,2.496064
2025-08-12,4.622900,3.896700
2025-08-13,-3.140100,2.898111
2025-08-14,2.550900,3.036975
2025-08-15,-0.861200,2.700064
2025-08-16,-1.778300,2.428279
2025-08-17,1.389400,2.743054
2025-08-18,2.594400,2.514689
2025-08-19,-0.781400,2.829420
2025-08-20,0.509600,2.397206
2025-08-21,1.807000,2.364645
2025-08-22,-0.835900,2.671412
2025-08-23,-5.408900,2.424152
2025-08-24,3.438800,4.257228
2025-08-25,-0.273000,2.660887
2025-08-26,0.655600,2.279233
2025-08-27,1.584200,2.407171
2025-08-28,-0.799200,2.608495
2025-08-29,-3.407500,2.419905
2025-08-30,1.730900,3.344292
2025-08-31,0.353700,2.509224
2025-09-01,-2.012100,2.324956
2025-09-02,0.644500,2.852925
2025-09-03,-0.084600,2.361590
2025-09-04,3.079500,2.239439
2025-09-05,-2.863400,3.060907
2025-09-06,0.597700,2.906732
2025-09-07,1.694000,2.350014
2025-09-08,1.026400,2.646422
2025-09-09,-2.720300,2.451852
2025-09-10,-4.652900,3.063664
2025-09-11,4.238600,3.448899
2025-09-12,-4.072500,2.933383
2025-09-13,7.704600,3.320636
2025-09-14,-5.145800,3.734643
2025-09-15,2.468200,3.303526
2025-09-16,0.041000,2.640258
2025-09-17,1.450000,2.258718
2025-09-18,-4.238800,2.603394
2025-09-19,0.305600,3.565620
2025-09-20,0.908000,2.278007
2025-09-21,2.500100,2.466828
2025-09-22,0.025000,2.819418
2025-09-23,1.531800,2.251853
2025-09-24,-4.332300,2.625669
2025-09-25,1.801100,3.588283
2025-09-26,1.660300,2.496642
2025-09-27,-3.252800,2.610100
2025-09-28,-0.499700,3.187769
2025-09-29,2.742300,2.312545
2025-09-30,-3.499100,2.933374
2025-10-01,3.494800,3.135654
2025-10-02,1.776500,2.866487
2025-10-03,-5.482400,2.575572
2025-10-04,6.431700,4.129480
2025-10-05,-0.790700,3.141333
2025-10-06,-4.006600,2.378129
2025-10-07,1.874400,3.627265
2025-10-08,1.925300,2.504210
2025-10-09,0.026100,2.670341
2025-10-10,-4.073900,2.255236
2025-10-11,2.823700,3.760040
2025-10-12,0.083200,2.634860
2025-10-13,-2.256400,2.266838
2025-10-14,-0.979500,2.964132
2025-10-15,4.214400,2.434812
2025-10-16,-1.732600,3.303743
2025-10-17,0.309500,2.575027
2025-10-18,-0.805800,2.312864
2025-10-19,0.495700,2.451646
2025-10-20,-1.509000,2.357914
2025-10-21,1.094000,2.670205
2025-10-22,2.243500,2.463168
2025-10-23,-1.155200,2.756404
2025-10-24,-0.106400,2.500282
2025-10-25,0.172300,2.240351
2025-10-26,1.121200,2.298876
2025-10-27,0.506000,2.515206
2025-10-28,-4.955000,2.355896
2025-10-29,1.305300,4.101032
2025-10-30,2.806000,2.390552
2025-10-31,-1.857300,2.923149
2025-11-01,-0.196000,2.662836
2025-11-02,1.148400,2.259927
2025-11-03,-0.114300,2.527668
2025-11-04,-0.966500,2.241952
2025-11-05,-0.362500,2.512221
2025-11-06,1.811300,2.308129
2025-11-07,-3.618800,2.685197
2025-11-08,2.337100,3.283401
2025-11-09,-2.596200,2.620121
2025-11-10,7.712200,2.957706
2025-11-11,-8.023700,3.989515
2025-11-12,2.322000,3.975134
2025-11-13,-1.774300,2.536594
2025-11-14,3.204000,2.716045
2025-11-15,-0.536100,2.917790
2025-11-16,-1.811300,2.332565
2025-11-17,2.181700,2.779459
2025-11-18,1.721600,2.673079
2025-11-19,-3.600200,2.593737
2025-11-20,0.424800,3.323249
2025-11-21,-3.047700,2.302905
2025-11-22,3.313700,3.263142
2025-11-23,1.034000,2.802000
2025-11-24,-2.902900,2.438350
2025-11-25,0.289100,3.137432
2025-11-26,1.818800,2.287863
2025-11-27,-1.248300,2.691863
2025-11-28,-0.817200,2.533640
2025-11-29,3.707000,2.431849
2025-11-30,-0.185700,3.156742
2025-12-01,-3.109800,2.247265
2025-12-02,0.742600,3.321861
2025-12-03,2.944000,2.352055
2025-12-04,1.409800,2.974999
2025-12-05,-1.231800,2.491867
2025-12-06,-1.138100,2.557752
2025-12-07,2.453100,2.520584
2025-12-08,-3.687600,2.793011
2025-12-09,2.506400,3.256235
2025-12-10,0.778900,2.654310
2025-12-11,-4.641200,2.401168
2025-12-12,-1.272700,3.900805
2025-12-13,4.121700,2.425901
2025-12-14,-2.027400,3.280916
2025-12-15,0.579100,2.646764
2025-12-16,0.658200,2.362126
2025-12-17,-2.410900,2.400234
2025-12-18,8.585600,2.971099
2025-12-19,-5.996300,4.245233
2025-12-20,-0.688000,3.332945
2025-12-21,0.197000,2.345577
2025-12-22,0.287400,2.299788
2025-12-23,0.467900,2.321821
2025-12-24,0.911900,2.360781
2025-12-25,-2.059300,2.457915
2025-12-26,-3.114700,2.829035
2025-12-27,2.827100,3.053127
2025-12-28,-0.302200,2.751432
2025-12-29,0.063100,2.283547
2025-12-30,3.217400,2.272925
2025-12-31,-3.160700,3.087137
