date,sigma_btc,sigma_eth,sigma_bnb,sigma_xvs
2020-01-01,,,,
2020-01-02,,,,
2020-01-03,,,,
2020-01-04,,,,
2020-01-05,,,,
2020-01-06,,,,
2020-01-07,,,,
2020-01-08,,,,
2020-01-09,,,,
2020-01-10,,,,
2020-01-11,,,,
2020-01-12,,,,
2020-01-13,,,,
2020-01-14,,,,
2020-01-15,,,,
2020-01-16,,,,
2020-01-17,,,,
2020-01-18,,,,
2020-01-19,,,,
2020-01-20,,,,
2020-01-21,,,,
2020-01-22,,,,
2020-01-23,,,,
2020-01-24,,,,
2020-01-25,,,,
2020-01-26,,,,
2020-01-27,,,,
2020-01-28,,,,
2020-01-29,,,,
2020-01-30,,,,
2020-01-31,0.184876,0.269822,0.237815,
2020-02-01,0.187414,0.263771,0.239137,
2020-02-02,0.186036,0.263772,0.232190,
2020-02-03,0.188803,0.261120,0.236356,
2020-02-04,0.181031,0.273507,0.227626,
2020-02-05,0.174487,0.275008,0.231603,
2020-02-06,0.174679,0.278052,0.239528,
2020-02-07,0.177065,0.283772,0.223604,
2020-02-08,0.184065,0.284709,0.240728,
2020-02-09,0.184085,0.289429,0.253190,
2020-02-10,0.181817,0.285692,0.264683,
2020-02-11,0.186018,0.287758,0.265511,
2020-02-12,0.197681,0.291480,0.264276,
2020-02-13,0.175809,0.292018,0.265007,
2020-02-14,0.192178,0.284969,0.265489,
2020-02-15,0.191696,0.289227,0.275627,
2020-02-16,0.192954,0.289068,0.277569,
2020-02-17,0.192379,0.249031,0.266417,
2020-02-18,0.189841,0.251723,0.259999,
2020-02-19,0.189697,0.247719,0.269833,
2020-02-20,0.193842,0.245105,0.267802,
2020-02-21,0.197434,0.243101,0.278734,
2020-02-22,0.194977,0.235994,0.276930,
2020-02-23,0.194636,0.229592,0.273163,
2020-02-24,0.191474,0.240602,0.284413,
2020-02-25,0.191979,0.249487,0.281304,
2020-02-26,0.193459,0.235797,0.281425,
2020-02-27,0.199489,0.235792,0.280668,
2020-02-28,0.195697,0.233882,0.282623,
2020-02-29,0.204757,0.233910,0.280683,
2020-03-01,0.208924,0.230834,0.280891,
2020-03-02,0.210696,0.241244,0.284800,
2020-03-03,0.210901,0.242954,0.284353,
2020-03-04,0.208792,0.248185,0.277358,
2020-03-05,0.204376,0.232432,0.288122,
2020-03-06,0.208057,0.234891,0.280798,
2020-03-07,0.218045,0.230883,0.295441,
2020-03-08,0.219064,0.220979,0.297927,
2020-03-09,0.220326,0.224210,0.282252,
2020-03-10,0.220060,0.222673,0.270132,
2020-03-11,0.219729,0.227049,0.259375,
2020-03-12,0.217235,0.248996,0.257232,
2020-03-13,0.206392,0.241984,0.259421,
2020-03-14,0.199845,0.240295,0.265660,
2020-03-15,0.184840,0.237132,0.264414,
2020-03-16,0.189940,0.235595,0.253172,
2020-03-17,0.195317,0.237175,0.256983,
2020-03-18,0.203976,0.234782,0.254302,
2020-03-19,0.235681,0.234912,0.252241,
2020-03-20,0.235662,0.228292,0.240396,
2020-03-21,0.233436,0.229186,0.243094,
2020-03-22,0.238801,0.234762,0.243315,
2020-03-23,0.248286,0.234147,0.253413,
2020-03-24,0.254527,0.234821,0.251554,
2020-03-25,0.251043,0.221133,0.240104,
2020-03-26,0.254173,0.206911,0.235005,
2020-03-27,0.259457,0.204421,0.234317,
2020-03-28,0.266177,0.204577,0.231063,
2020-03-29,0.273434,0.205756,0.248081,
2020-03-30,0.280987,0.221503,0.248522,
2020-03-31,0.290414,0.219809,0.249401,
2020-04-01,0.288337,0.212734,0.246381,
2020-04-02,0.289298,0.212385,0.249343,
2020-04-03,0.291931,0.213284,0.248169,
2020-04-04,0.297965,0.215934,0.245424,
2020-04-05,0.297991,0.211758,0.244412,
2020-04-06,0.286477,0.211975,0.227927,
2020-04-07,0.284615,0.215117,0.226304,
2020-04-08,0.281375,0.209392,0.226362,
2020-04-09,0.284781,0.205428,0.234784,
2020-04-10,0.286006,0.203747,0.231197,
2020-04-11,0.281485,0.184895,0.231554,
2020-04-12,0.282031,0.184993,0.227701,
2020-04-13,0.280756,0.212954,0.227362,
2020-04-14,0.280852,0.208535,0.227255,
2020-04-15,0.272744,0.205836,0.266658,
2020-04-16,0.276187,0.219756,0.264970,
2020-04-17,0.264973,0.218531,0.266324,
2020-04-18,0.231068,0.219117,0.267534,
2020-04-19,0.237741,0.219764,0.267575,
2020-04-20,0.233941,0.219336,0.268782,
2020-04-21,0.237575,0.212214,0.261540,
2020-04-22,0.240710,0.216947,0.269186,
2020-04-23,0.237617,0.216311,0.267082,
2020-04-24,0.236127,0.221947,0.268058,
2020-04-25,0.240571,0.220347,0.269197,
2020-04-26,0.238374,0.220297,0.268732,
2020-04-27,0.232812,0.219096,0.268661,
2020-04-28,0.238173,0.221422,0.249739,
2020-04-29,0.231548,0.208091,0.249463,
2020-04-30,0.214270,0.213033,0.249499,
2020-05-01,0.221047,0.212547,0.250559,
2020-05-02,0.225629,0.212891,0.252052,
2020-05-03,0.235464,0.210555,0.270422,
2020-05-04,0.236186,0.210643,0.265300,
2020-05-05,0.235366,0.213203,0.263772,
2020-05-06,0.232703,0.213354,0.261953,
2020-05-07,0.237881,0.209799,0.262898,
2020-05-08,0.237854,0.218485,0.272979,
2020-05-09,0.232862,0.221163,0.264532,
2020-05-10,0.234613,0.226624,0.264644,
2020-05-11,0.237334,0.221332,0.271062,
2020-05-12,0.236347,0.222401,0.270572,
2020-05-13,0.250319,0.194939,0.261760,
2020-05-14,0.251484,0.203194,0.261916,
2020-05-15,0.254756,0.202781,0.232772,
2020-05-16,0.247204,0.195872,0.224886,
2020-05-17,0.245559,0.230954,0.226743,
2020-05-18,0.235566,0.229366,0.228071,
2020-05-19,0.234339,0.239835,0.229809,
2020-05-20,0.237844,0.239901,0.229728,
2020-05-21,0.250868,0.241712,0.231369,
2020-05-22,0.252427,0.238681,0.213923,
2020-05-23,0.249069,0.238566,0.220983,
2020-05-24,0.248096,0.230038,0.225737,
2020-05-25,0.245086,0.224558,0.234569,
2020-05-26,0.245235,0.225858,0.235650,
2020-05-27,0.246506,0.224683,0.235046,
2020-05-28,0.234397,0.221435,0.234360,
2020-05-29,0.230526,0.219582,0.235066,
2020-05-30,0.226948,0.210659,0.241432,
2020-05-31,0.221926,0.210175,0.239964,
2020-06-01,0.230652,0.206755,0.233897,
2020-06-02,0.222947,0.209576,0.216508,
2020-06-03,0.212402,0.201610,0.218018,
2020-06-04,0.208646,0.202095,0.219396,
2020-06-05,0.208909,0.212025,0.220784,
2020-06-06,0.208706,0.214782,0.230989,
2020-06-07,0.211044,0.212229,0.222309,
2020-06-08,0.211608,0.212472,0.222980,
2020-06-09,0.206542,0.209385,0.226283,
2020-06-10,0.199292,0.209361,0.217865,
2020-06-11,0.200518,0.209761,0.220346,
2020-06-12,0.191495,0.212302,0.220538,
2020-06-13,0.194183,0.218710,0.220511,
2020-06-14,0.210126,0.223118,0.226940,
2020-06-15,0.215226,0.222603,0.227082,
2020-06-16,0.215433,0.193122,0.229645,
2020-06-17,0.213370,0.196185,0.247702,
2020-06-18,0.214464,0.185672,0.250055,
2020-06-19,0.212591,0.185738,0.245839,
2020-06-20,0.188905,0.189134,0.246662,
2020-06-21,0.183012,0.187224,0.243267,
2020-06-22,0.206430,0.196919,0.242924,
2020-06-23,0.210624,0.215159,0.239788,
2020-06-24,0.210624,0.216321,0.232153,
2020-06-25,0.231929,0.218849,0.231042,
2020-06-26,0.229005,0.235082,0.237485,
2020-06-27,0.228646,0.250306,0.239001,
2020-06-28,0.230362,0.252607,0.248747,
2020-06-29,0.232570,0.251226,0.250610,
2020-06-30,0.231734,0.249047,0.253800,
2020-07-01,0.222007,0.255539,0.254391,
2020-07-02,0.219713,0.252659,0.257380,
2020-07-03,0.219805,0.252184,0.253103,
2020-07-04,0.220516,0.251521,0.249069,
2020-07-05,0.220469,0.246235,0.248213,
2020-07-06,0.217901,0.238376,0.236804,
2020-07-07,0.216198,0.240562,0.240445,
2020-07-08,0.219846,0.250362,0.241395,
2020-07-09,0.219999,0.260205,0.240882,
2020-07-10,0.220187,0.262845,0.246129,
2020-07-11,0.220371,0.259721,0.243872,
2020-07-12,0.218076,0.266909,0.244897,
2020-07-13,0.218289,0.265812,0.247684,
2020-07-14,0.206900,0.263203,0.233642,
2020-07-15,0.212093,0.266360,0.242767,
2020-07-16,0.212469,0.268159,0.245050,
2020-07-17,0.212434,0.276101,0.212140,
2020-07-18,0.209913,0.272403,0.245769,
2020-07-19,0.210108,0.276936,0.263860,
2020-07-20,0.212205,0.274824,0.265587,
2020-07-21,0.211454,0.272991,0.275583,
2020-07-22,0.194351,0.267048,0.274195,
2020-07-23,0.191890,0.248588,0.274261,
2020-07-24,0.193736,0.246196,0.267175,
2020-07-25,0.166347,0.244446,0.269567,
2020-07-26,0.166716,0.236617,0.265169,
2020-07-27,0.167443,0.221291,0.282499,
2020-07-28,0.165747,0.219474,0.296581,
2020-07-29,0.169893,0.219481,0.286004,
2020-07-30,0.176299,0.219304,0.286062,
2020-07-31,0.175024,0.213380,0.287458,
2020-08-01,0.171752,0.213658,0.304625,
2020-08-02,0.171775,0.241749,0.305172,
2020-08-03,0.170925,0.241490,0.313292,
2020-08-04,0.170942,0.237723,0.313339,
2020-08-05,0.172001,0.238159,0.327138,
2020-08-06,0.178507,0.240580,0.328936,
2020-08-07,0.173734,0.229406,0.328211,
2020-08-08,0.175264,0.223586,0.326015,
2020-08-09,0.181505,0.227575,0.319518,
2020-08-10,0.179874,0.233577,0.323412,
2020-08-11,0.181516,0.232661,0.322437,
2020-08-12,0.183212,0.225101,0.320940,
2020-08-13,0.173349,0.232685,0.322043,
2020-08-14,0.162948,0.230174,0.316753,
2020-08-15,0.162770,0.230619,0.318337,
2020-08-16,0.163553,0.236357,0.320858,
2020-08-17,0.160793,0.246712,0.291909,
2020-08-18,0.164476,0.244687,0.265681,
2020-08-19,0.160374,0.242980,0.259117,
2020-08-20,0.160078,0.246629,0.261604,
2020-08-21,0.150635,0.244486,0.258995,
2020-08-22,0.147617,0.242010,0.261987,
2020-08-23,0.150244,0.242487,0.279507,
2020-08-24,0.156709,0.239892,0.281743,
2020-08-25,0.157384,0.238245,0.289921,
2020-08-26,0.157667,0.241809,0.281058,
2020-08-27,0.162622,0.242141,0.263853,
2020-08-28,0.155005,0.242192,0.284982,
2020-08-29,0.150050,0.242080,0.283636,
2020-08-30,0.149582,0.236629,0.282897,
2020-08-31,0.149507,0.235488,0.265099,
2020-09-01,0.153356,0.195990,0.264397,
2020-09-02,0.160768,0.215448,0.255505,
2020-09-03,0.160915,0.216638,0.263032,
2020-09-04,0.170732,0.225248,0.247851,
2020-09-05,0.169719,0.231737,0.240272,
2020-09-06,0.170008,0.236561,0.240171,
2020-09-07,0.172273,0.226360,0.238700,
2020-09-08,0.165339,0.232961,0.239180,
2020-09-09,0.164494,0.224888,0.235346,
2020-09-10,0.165623,0.220344,0.238079,
2020-09-11,0.164036,0.213723,0.255912,
2020-09-12,0.178940,0.207785,0.257719,
2020-09-13,0.179755,0.207635,0.258114,
2020-09-14,0.180703,0.206661,0.253027,
2020-09-15,0.181495,0.190610,0.262757,
2020-09-16,0.181123,0.174718,0.265466,
2020-09-17,0.175774,0.173954,0.266171,
2020-09-18,0.177486,0.174158,0.266521,
2020-09-19,0.194104,0.170672,0.258088,
2020-09-20,0.191566,0.169100,0.259924,
2020-09-21,0.192571,0.169103,0.264994,
2020-09-22,0.190082,0.166066,0.251153,
2020-09-23,0.183262,0.166388,0.257970,
2020-09-24,0.182781,0.167210,0.255077,
2020-09-25,0.181475,0.164344,0.257392,
2020-09-26,0.177484,0.159712,0.268341,
2020-09-27,0.182640,0.163670,0.243781,
2020-09-28,0.185564,0.162647,0.243877,
2020-09-29,0.182875,0.156447,0.244105,
2020-09-30,0.185201,0.159289,0.248598,
2020-10-01,0.189039,0.174067,0.249234,
2020-10-02,0.185567,0.166550,0.247927,
2020-10-03,0.193252,0.172277,0.250538,
2020-10-04,0.214659,0.181844,0.250114,
2020-10-05,0.225368,0.181317,0.250852,
2020-10-06,0.240120,0.177075,0.249827,
2020-10-07,0.239361,0.178328,0.252772,
2020-10-08,0.238901,0.159520,0.253587,
2020-10-09,0.243353,0.161758,0.253572,
2020-10-10,0.244686,0.164180,0.251120,
2020-10-11,0.237218,0.168621,0.234207,
2020-10-12,0.230890,0.169392,0.241723,
2020-10-13,0.232852,0.167876,0.247471,
2020-10-14,0.238625,0.167455,0.245873,
2020-10-15,0.248288,0.165658,0.239287,
2020-10-16,0.250090,0.167383,0.253007,
2020-10-17,0.251374,0.181428,0.257672,
2020-10-18,0.251031,0.183210,0.263795,
2020-10-19,0.241492,0.190732,0.273863,
2020-10-20,0.255652,0.197594,0.271762,
2020-10-21,0.260595,0.210061,0.263841,
2020-10-22,0.260375,0.241907,0.272572,
2020-10-23,0.261901,0.241885,0.266240,
2020-10-24,0.262095,0.244798,0.256213,
2020-10-25,0.268700,0.251458,0.265424,
2020-10-26,0.268712,0.254846,0.255402,
2020-10-27,0.262857,0.260464,0.266942,
2020-10-28,0.259694,0.259791,0.267760,
2020-10-29,0.259961,0.259272,0.267603,
2020-10-30,0.257082,0.270963,0.258716,
2020-10-31,0.264865,0.259152,0.260599,0.584022
2020-11-01,0.265162,0.257264,0.261665,0.602102
2020-11-02,0.259890,0.251997,0.253257,0.607839
2020-11-03,0.232867,0.247884,0.253907,0.586770
2020-11-04,0.218113,0.242593,0.264323,0.580228
2020-11-05,0.216155,0.244022,0.264198,0.544825
2020-11-06,0.217091,0.243952,0.262908,0.535015
2020-11-07,0.216991,0.242357,0.261092,0.532195
2020-11-08,0.213336,0.242130,0.260171,0.535511
2020-11-09,0.206740,0.238658,0.260250,0.534804
2020-11-10,0.214385,0.236724,0.272444,0.533597
2020-11-11,0.213991,0.236748,0.269307,0.528974
2020-11-12,0.211925,0.236278,0.269466,0.528008
2020-11-13,0.204933,0.250775,0.268420,0.469113
2020-11-14,0.188992,0.263632,0.269299,0.466596
2020-11-15,0.188995,0.263652,0.249564,0.450768
2020-11-16,0.197169,0.257111,0.247924,0.442183
2020-11-17,0.197050,0.258251,0.240940,0.410126
2020-11-18,0.196827,0.251452,0.233055,0.390517
2020-11-19,0.173628,0.241946,0.233001,0.383478
2020-11-20,0.168799,0.235200,0.233253,0.348548
2020-11-21,0.169441,0.209810,0.225849,0.376048
2020-11-22,0.168005,0.213943,0.236624,0.375081
2020-11-23,0.167758,0.210144,0.237008,0.394214
2020-11-24,0.166862,0.215005,0.221492,0.383638
2020-11-25,0.166748,0.218714,0.218400,0.384374
2020-11-26,0.165945,0.207998,0.213402,0.382791
2020-11-27,0.166020,0.209477,0.256298,0.388286
2020-11-28,0.170908,0.209459,0.264735,0.392157
2020-11-29,0.171341,0.192095,0.273821,0.387777
2020-11-30,0.163096,0.190455,0.274066,0.401520
2020-12-01,0.174466,0.195134,0.272220,0.387851
2020-12-02,0.174178,0.200927,0.285113,0.394705
2020-12-03,0.180299,0.206085,0.285156,0.451652
2020-12-04,0.189236,0.213092,0.284588,0.486403
2020-12-05,0.178954,0.211347,0.284334,0.489182
2020-12-06,0.176037,0.229742,0.290426,0.489210
2020-12-07,0.175614,0.239275,0.290747,0.490476
2020-12-08,0.177057,0.254183,0.291746,0.485855
2020-12-09,0.183322,0.255161,0.289911,0.486554
2020-12-10,0.186732,0.268543,0.278040,0.492997
2020-12-11,0.192415,0.273114,0.280899,0.495278
2020-12-12,0.213245,0.274040,0.296749,0.493169
2020-12-13,0.216480,0.259831,0.306033,0.463266
2020-12-14,0.219235,0.244342,0.314601,0.467268
2020-12-15,0.218108,0.245374,0.314435,0.465599
2020-12-16,0.211681,0.257509,0.324553,0.459670
2020-12-17,0.211445,0.255562,0.333247,0.448089
2020-12-18,0.209092,0.264149,0.355253,0.458401
2020-12-19,0.216413,0.270106,0.355403,0.458328
2020-12-20,0.213910,0.277233,0.357189,0.499173
2020-12-21,0.214508,0.275758,0.356897,0.474106
2020-12-22,0.225162,0.280785,0.345499,0.474958
2020-12-23,0.239960,0.280934,0.354830,0.476179
2020-12-24,0.240680,0.272796,0.360774,0.473926
2020-12-25,0.243456,0.270114,0.365197,0.486542
2020-12-26,0.254741,0.270272,0.361663,0.528069
2020-12-27,0.255337,0.268194,0.319354,0.523754
2020-12-28,0.254275,0.272991,0.318429,0.580244
2020-12-29,0.254205,0.275642,0.297437,0.581204
2020-12-30,0.256316,0.273934,0.287792,0.571393
2020-12-31,0.251837,0.270619,0.298730,0.571463
2021-01-01,0.250734,0.264127,0.298725,0.566650
2021-01-02,0.251599,0.250974,0.302303,0.515587
2021-01-03,0.259354,0.236144,0.301923,0.506078
2021-01-04,0.263138,0.231934,0.299593,0.505366
2021-01-05,0.262198,0.225097,0.300274,0.510744
2021-01-06,0.262277,0.227326,0.298503,0.509916
2021-01-07,0.257790,0.218808,0.322353,0.509824
2021-01-08,0.251872,0.222861,0.321970,0.505560
2021-01-09,0.246890,0.217072,0.321498,0.518130
2021-01-10,0.241860,0.213876,0.294740,0.514086
2021-01-11,0.235425,0.213564,0.293511,0.514276
2021-01-12,0.228043,0.222961,0.297186,0.528108
2021-01-13,0.228376,0.226500,0.299511,0.523476
2021-01-14,0.229957,0.230662,0.294515,0.521127
2021-01-15,0.226026,0.213217,0.295064,0.525070
2021-01-16,0.226970,0.215582,0.278580,0.531006
2021-01-17,0.227043,0.216204,0.264902,0.526328
2021-01-18,0.223526,0.212914,0.263640,0.526577
2021-01-19,0.223209,0.215628,0.275568,0.502337
2021-01-20,0.225521,0.217952,0.261830,0.509041
2021-01-21,0.231156,0.214770,0.266609,0.507948
2021-01-22,0.207565,0.214715,0.270405,0.514250
2021-01-23,0.202606,0.221939,0.282152,0.550723
2021-01-24,0.205040,0.237564,0.287439,0.547243
2021-01-25,0.182760,0.236650,0.283805,0.514946
2021-01-26,0.183066,0.241519,0.288680,0.516323
2021-01-27,0.183207,0.236426,0.307459,0.449521
2021-01-28,0.185798,0.242545,0.308127,0.447451
2021-01-29,0.185747,0.241863,0.310631,0.441983
2021-01-30,0.190888,0.240859,0.294015,0.443123
2021-01-31,0.190967,0.239608,0.289967,0.464083
2021-02-01,0.198471,0.242138,0.283289,0.461222
2021-02-02,0.195200,0.242303,0.286431,0.443403
2021-02-03,0.192029,0.241028,0.282595,0.442282
2021-02-04,0.193973,0.240768,0.285343,0.433181
2021-02-05,0.193931,0.235364,0.285463,0.431279
2021-02-06,0.193940,0.234339,0.272451,0.436199
2021-02-07,0.195054,0.250670,0.272857,0.453078
2021-02-08,0.194561,0.280040,0.272937,0.426822
2021-02-09,0.193603,0.280174,0.279334,0.425730
2021-02-10,0.178066,0.279907,0.291231,0.428337
2021-02-11,0.181301,0.280031,0.285926,0.411634
2021-02-12,0.184271,0.278606,0.290968,0.411665
2021-02-13,0.187203,0.283367,0.292217,0.437830
2021-02-14,0.197116,0.292305,0.295874,0.428113
2021-02-15,0.196498,0.297925,0.287665,0.425553
2021-02-16,0.197137,0.284293,0.295107,0.419582
2021-02-17,0.198015,0.285754,0.301027,0.431883
2021-02-18,0.198377,0.272202,0.293767,0.420640
2021-02-19,0.187333,0.271348,0.324854,0.410368
2021-02-20,0.187919,0.271143,0.323042,0.420268
2021-02-21,0.188158,0.271324,0.317630,0.407826
2021-02-22,0.193663,0.270290,0.306939,0.418208
2021-02-23,0.191802,0.268726,0.303171,0.417989
2021-02-24,0.192684,0.275135,0.306369,0.421230
2021-02-25,0.200525,0.270719,0.304191,0.427144
2021-02-26,0.200440,0.268579,0.327960,0.445564
2021-02-27,0.196407,0.262333,0.329105,0.448145
2021-02-28,0.195986,0.263655,0.325785,0.449864
2021-03-01,0.188837,0.283974,0.353681,0.445269
2021-03-02,0.186826,0.282886,0.351005,0.412119
2021-03-03,0.173267,0.279810,0.354939,0.414344
2021-03-04,0.176945,0.282655,0.354433,0.422528
2021-03-05,0.175230,0.280063,0.358821,0.420835
2021-03-06,0.172141,0.284173,0.361061,0.436637
2021-03-07,0.171858,0.283473,0.360759,0.438069
2021-03-08,0.173126,0.286491,0.352704,0.436425
2021-03-09,0.174004,0.273069,0.351577,0.425010
2021-03-10,0.173940,0.235216,0.349785,0.437246
2021-03-11,0.179314,0.234837,0.366227,0.438249
2021-03-12,0.178620,0.235644,0.386630,0.494158
2021-03-13,0.176646,0.230577,0.386704,0.494802
2021-03-14,0.175481,0.227833,0.381593,0.494477
2021-03-15,0.174333,0.222948,0.381642,0.474821
2021-03-16,0.165522,0.226826,0.378981,0.469799
2021-03-17,0.166241,0.215189,0.378900,0.473409
2021-03-18,0.170094,0.226976,0.368294,0.489180
2021-03-19,0.182349,0.237596,0.369214,0.474188
2021-03-20,0.181771,0.248993,0.372152,0.474796
2021-03-21,0.181824,0.248874,0.353859,0.463379
2021-03-22,0.168053,0.251672,0.348575,0.427156
2021-03-23,0.170324,0.265889,0.350600,0.410429
2021-03-24,0.162057,0.272312,0.352199,0.389915
2021-03-25,0.158902,0.261479,0.352370,0.389997
2021-03-26,0.167384,0.255269,0.356995,0.390803
2021-03-27,0.155866,0.257211,0.351395,0.386713
2021-03-28,0.155172,0.265867,0.321167,0.369230
2021-03-29,0.161386,0.266534,0.323220,0.399007
2021-03-30,0.172708,0.266049,0.329339,0.416001
2021-03-31,0.175057,0.255519,0.285680,0.416225
2021-04-01,0.175163,0.258488,0.287673,0.422252
2021-04-02,0.174893,0.265066,0.286000,0.420664
2021-04-03,0.165147,0.264318,0.287500,0.417573
2021-04-04,0.171658,0.265257,0.294372,0.427463
2021-04-05,0.172782,0.266841,0.282794,0.403368
2021-04-06,0.175727,0.264500,0.286372,0.403823
2021-04-07,0.175142,0.262328,0.286242,0.442569
2021-04-08,0.174700,0.259011,0.285651,0.445644
2021-04-09,0.174511,0.260272,0.286759,0.447141
2021-04-10,0.167867,0.260824,0.264960,0.464539
2021-04-11,0.183066,0.262941,0.222547,0.432017
2021-04-12,0.183097,0.262288,0.230189,0.480433
2021-04-13,0.185132,0.261704,0.225718,0.481188
2021-04-14,0.185708,0.264535,0.226082,0.519269
2021-04-15,0.182819,0.279028,0.232573,0.521778
2021-04-16,0.194869,0.275606,0.232927,0.521659
2021-04-17,0.194554,0.272514,0.236633,0.508678
2021-04-18,0.187358,0.265877,0.234719,0.502572
2021-04-19,0.187099,0.263567,0.228935,0.506649
2021-04-20,0.190039,0.276916,0.234392,0.500953
2021-04-21,0.191522,0.273281,0.234143,0.503472
2021-04-22,0.206251,0.265489,0.231874,0.532000
2021-04-23,0.213534,0.257853,0.232363,0.532376
2021-04-24,0.213681,0.280413,0.227484,0.535163
2021-04-25,0.204050,0.282474,0.224171,0.528404
2021-04-26,0.225253,0.279357,0.226387,0.541116
2021-04-27,0.225844,0.277621,0.224396,0.539953
2021-04-28,0.228053,0.290089,0.213607,0.527760
2021-04-29,0.217098,0.295429,0.204682,0.521644
2021-04-30,0.231716,0.282293,0.205940,0.523354
2021-05-01,0.231969,0.280027,0.209110,0.520667
2021-05-02,0.232680,0.277037,0.211901,0.528495
2021-05-03,0.233882,0.283922,0.211328,0.530173
2021-05-04,0.233270,0.283592,0.206251,0.548090
2021-05-05,0.229525,0.275061,0.205468,0.548509
2021-05-06,0.222614,0.275199,0.207658,0.559956
2021-05-07,0.234405,0.269634,0.209763,0.549742
2021-05-08,0.233934,0.271660,0.210197,0.543755
2021-05-09,0.236593,0.271887,0.222691,0.570452
2021-05-10,0.238951,0.271924,0.266325,0.557502
2021-05-11,0.208622,0.271536,0.270817,0.538154
2021-05-12,0.204203,0.256632,0.263594,0.487897
2021-05-13,0.188526,0.260650,0.264694,0.488440
2021-05-14,0.172809,0.259743,0.265241,0.465515
2021-05-15,0.168134,0.254168,0.274751,0.487378
2021-05-16,0.168491,0.261873,0.275942,0.486582
2021-05-17,0.170596,0.261969,0.274279,0.491157
2021-05-18,0.170129,0.263761,0.285766,0.493446
2021-05-19,0.197575,0.247442,0.301884,0.487505
2021-05-20,0.200480,0.230374,0.296539,0.486645
2021-05-21,0.202315,0.224195,0.296321,0.487373
2021-05-22,0.204376,0.224696,0.304234,0.477509
2021-05-23,0.218466,0.224473,0.296268,0.485264
2021-05-24,0.231981,0.207512,0.295252,0.487359
2021-05-25,0.229540,0.206889,0.293029,0.499849
2021-05-26,0.221153,0.226721,0.302760,0.486037
2021-05-27,0.215349,0.228628,0.321461,0.487301
2021-05-28,0.216734,0.210627,0.328900,0.499934
2021-05-29,0.225696,0.195737,0.329196,0.492471
2021-05-30,0.219644,0.195193,0.325158,0.486416
2021-05-31,0.228498,0.197239,0.307534,0.494574
2021-06-01,0.223748,0.196385,0.288792,0.476197
2021-06-02,0.236738,0.193019,0.294541,0.477544
2021-06-03,0.236761,0.198735,0.291763,0.456835
2021-06-04,0.235912,0.206391,0.279403,0.468716
2021-06-05,0.236934,0.203776,0.264833,0.459559
2021-06-06,0.234980,0.203742,0.262058,0.438080
2021-06-07,0.235448,0.204369,0.255761,0.449175
2021-06-08,0.236864,0.205968,0.261806,0.380733
2021-06-09,0.237656,0.206669,0.255106,0.382267
2021-06-10,0.247856,0.205982,0.226597,0.387907
2021-06-11,0.248470,0.219931,0.233177,0.407869
2021-06-12,0.249394,0.222249,0.226533,0.446813
2021-06-13,0.251066,0.224400,0.236501,0.449788
2021-06-14,0.263436,0.223907,0.255652,0.446366
2021-06-15,0.264050,0.233352,0.280598,0.452914
2021-06-16,0.261621,0.233424,0.263927,0.461597
2021-06-17,0.267865,0.233450,0.264240,0.500437
2021-06-18,0.239514,0.232228,0.274193,0.489219
2021-06-19,0.238878,0.243662,0.275222,0.485820
2021-06-20,0.235907,0.248042,0.268690,0.485441
2021-06-21,0.226399,0.245195,0.273909,0.489503
2021-06-22,0.219457,0.254149,0.278311,0.488546
2021-06-23,0.217042,0.250876,0.278925,0.489984
2021-06-24,0.217257,0.249851,0.279136,0.460562
2021-06-25,0.220927,0.233104,0.276746,0.488921
2021-06-26,0.224984,0.229303,0.293063,0.494348
2021-06-27,0.222361,0.233281,0.300545,0.569459
2021-06-28,0.222195,0.235819,0.301616,0.573651
2021-06-29,0.219921,0.241789,0.301070,0.573263
2021-06-30,0.227093,0.241803,0.302856,0.566042
2021-07-01,0.228363,0.242774,0.314963,0.590284
2021-07-02,0.217694,0.231104,0.313949,0.591717
2021-07-03,0.218733,0.221369,0.318224,0.605655
2021-07-04,0.227390,0.212264,0.324137,0.594717
2021-07-05,0.224533,0.214235,0.326386,0.609326
2021-07-06,0.220344,0.221145,0.337996,0.616254
2021-07-07,0.219367,0.221328,0.338203,0.604277
2021-07-08,0.217781,0.222917,0.340344,0.604635
2021-07-09,0.223624,0.229329,0.338439,0.609370
2021-07-10,0.208982,0.228929,0.338563,0.614137
2021-07-11,0.209926,0.214354,0.367545,0.599088
2021-07-12,0.209006,0.217243,0.368598,0.570053
2021-07-13,0.206864,0.212249,0.361323,0.569144
2021-07-14,0.192783,0.215361,0.346385,0.565042
2021-07-15,0.192273,0.199492,0.319178,0.561203
2021-07-16,0.203456,0.199012,0.319575,0.548992
2021-07-17,0.205336,0.211940,0.330297,0.530255
2021-07-18,0.205117,0.216898,0.324799,0.555243
2021-07-19,0.227422,0.206477,0.349761,0.576474
2021-07-20,0.234490,0.197239,0.356720,0.586774
2021-07-21,0.252695,0.196979,0.354167,0.584891
2021-07-22,0.253904,0.180845,0.349003,0.584823
2021-07-23,0.247948,0.186995,0.360307,0.580698
2021-07-24,0.255325,0.185583,0.363718,0.584071
2021-07-25,0.248830,0.185814,0.375832,0.565282
2021-07-26,0.254522,0.202746,0.363114,0.566020
2021-07-27,0.264827,0.209195,0.362638,0.500389
2021-07-28,0.262978,0.217218,0.358030,0.494032
2021-07-29,0.257685,0.210680,0.358379,0.494371
2021-07-30,0.254571,0.207139,0.362360,0.481077
2021-07-31,0.253916,0.211185,0.349747,0.460027
2021-08-01,0.257452,0.213395,0.349614,0.462535
2021-08-02,0.261200,0.237510,0.357736,0.460625
2021-08-03,0.261873,0.238750,0.379625,0.470265
2021-08-04,0.265958,0.244289,0.375658,0.452148
2021-08-05,0.262125,0.239349,0.371369,0.463905
2021-08-06,0.264387,0.248286,0.370829,0.463583
2021-08-07,0.265169,0.246945,0.363718,0.465084
2021-08-08,0.253101,0.239413,0.363037,0.490056
2021-08-09,0.251159,0.254027,0.362093,0.475420
2021-08-10,0.255940,0.256584,0.328011,0.491713
2021-08-11,0.256110,0.255624,0.335812,0.491407
2021-08-12,0.252424,0.281063,0.332900,0.493178
2021-08-13,0.256355,0.276906,0.333760,0.491673
2021-08-14,0.250136,0.280391,0.333340,0.517511
2021-08-15,0.219894,0.282407,0.333342,0.519622
2021-08-16,0.220204,0.282047,0.328871,0.487478
2021-08-17,0.214612,0.277550,0.334514,0.502460
2021-08-18,0.209708,0.281125,0.320955,0.479023
2021-08-19,0.176844,0.282529,0.315962,0.465201
2021-08-20,0.191159,0.282903,0.314578,0.461189
2021-08-21,0.193132,0.282945,0.305883,0.468463
2021-08-22,0.205331,0.277163,0.306568,0.499790
2021-08-23,0.213361,0.277960,0.301053,0.497258
2021-08-24,0.213254,0.284245,0.298895,0.502811
2021-08-25,0.219432,0.269387,0.301888,0.506719
2021-08-26,0.216371,0.271152,0.300161,0.503642
2021-08-27,0.214066,0.266103,0.299890,0.503300
2021-08-28,0.213833,0.267465,0.308772,0.502246
2021-08-29,0.213748,0.275545,0.300984,0.487970
2021-08-30,0.243296,0.272484,0.294647,0.486620
2021-08-31,0.241723,0.269739,0.297257,0.486310
2021-09-01,0.240608,0.249035,0.277364,0.485252
2021-09-02,0.242062,0.247725,0.250342,0.480936
2021-09-03,0.232230,0.242121,0.259045,0.488666
2021-09-04,0.230450,0.243249,0.265118,0.461162
2021-09-05,0.234364,0.236533,0.265921,0.461317
2021-09-06,0.236286,0.259405,0.266708,0.496216
2021-09-07,0.234575,0.262906,0.268514,0.469645
2021-09-08,0.238101,0.247028,0.268770,0.469379
2021-09-09,0.233111,0.244853,0.270219,0.454602
2021-09-10,0.236901,0.241927,0.269881,0.492677
2021-09-11,0.238976,0.235125,0.268776,0.503704
2021-09-12,0.239818,0.241878,0.267047,0.512875
2021-09-13,0.227401,0.237266,0.270688,0.480198
2021-09-14,0.227640,0.239097,0.272460,0.501262
2021-09-15,0.234932,0.230517,0.272251,0.502738
2021-09-16,0.236707,0.230598,0.261072,0.471045
2021-09-17,0.236869,0.237359,0.246305,0.478437
2021-09-18,0.236979,0.239994,0.246155,0.478755
2021-09-19,0.228072,0.245396,0.248240,0.478712
2021-09-20,0.227256,0.249120,0.261217,0.471608
2021-09-21,0.212657,0.251144,0.270992,0.460973
2021-09-22,0.211349,0.250276,0.271187,0.469189
2021-09-23,0.214354,0.242383,0.262202,0.458865
2021-09-24,0.228842,0.242429,0.260885,0.461275
2021-09-25,0.230757,0.235476,0.257376,0.452731
2021-09-26,0.229452,0.242297,0.257721,0.455066
2021-09-27,0.227905,0.244267,0.247260,0.456413
2021-09-28,0.234646,0.242413,0.276669,0.452438
2021-09-29,0.207571,0.241797,0.276594,0.458092
2021-09-30,0.211477,0.240530,0.280672,0.478746
2021-10-01,0.210773,0.240101,0.278214,0.476865
2021-10-02,0.213428,0.247296,0.285273,0.477715
2021-10-03,0.215557,0.247447,0.281670,0.488617
2021-10-04,0.213421,0.246731,0.270415,0.522906
2021-10-05,0.211232,0.265736,0.268988,0.533112
2021-10-06,0.209798,0.245976,0.268398,0.536022
2021-10-07,0.210281,0.241804,0.273938,0.537680
2021-10-08,0.207215,0.249104,0.273507,0.555411
2021-10-09,0.202271,0.263850,0.276136,0.555966
2021-10-10,0.201539,0.264397,0.279333,0.520863
2021-10-11,0.194626,0.244387,0.279229,0.508559
2021-10-12,0.184611,0.240709,0.280400,0.498734
2021-10-13,0.183924,0.257688,0.283577,0.507453
2021-10-14,0.190465,0.250630,0.288828,0.477682
2021-10-15,0.184770,0.252880,0.286220,0.489841
2021-10-16,0.190212,0.256519,0.288086,0.493429
2021-10-17,0.209365,0.252227,0.289935,0.519492
2021-10-18,0.220768,0.262490,0.291743,0.522841
2021-10-19,0.211283,0.260896,0.290981,0.522196
2021-10-20,0.216982,0.258933,0.281027,0.525527
2021-10-21,0.217631,0.259801,0.268783,0.529704
2021-10-22,0.212837,0.259542,0.268241,0.542993
2021-10-23,0.215768,0.259440,0.262750,0.549632
2021-10-24,0.190415,0.259364,0.261718,0.549635
2021-10-25,0.197165,0.263240,0.261151,0.549254
2021-10-26,0.219093,0.272118,0.261536,0.548310
2021-10-27,0.219866,0.275713,0.275362,0.544887
2021-10-28,0.212130,0.266977,0.252819,0.546250
2021-10-29,0.212836,0.267292,0.254204,0.535867
2021-10-30,0.212460,0.268179,0.245355,0.522995
2021-10-31,0.212743,0.282041,0.245346,0.533645
2021-11-01,0.217310,0.272619,0.240236,0.641364
2021-11-02,0.216852,0.281178,0.237928,0.632157
2021-11-03,0.217271,0.284186,0.238586,0.602151
2021-11-04,0.216123,0.269788,0.252313,0.596666
2021-11-05,0.219727,0.269567,0.252256,0.617379
2021-11-06,0.222150,0.269241,0.263522,0.611263
2021-11-07,0.221109,0.264157,0.263757,0.590924
2021-11-08,0.228413,0.259683,0.267853,0.586965
2021-11-09,0.219449,0.258231,0.259983,0.590159
2021-11-10,0.240329,0.259179,0.260590,0.589856
2021-11-11,0.252616,0.259613,0.259942,0.604468
2021-11-12,0.260632,0.240090,0.254982,0.600643
2021-11-13,0.269076,0.270770,0.270295,0.605080
2021-11-14,0.292918,0.298853,0.303752,0.582746
2021-11-15,0.305547,0.294936,0.307473,0.585204
2021-11-16,0.300735,0.297959,0.313959,0.570998
2021-11-17,0.311612,0.285933,0.309242,0.578381
2021-11-18,0.311462,0.284824,0.306231,0.578168
2021-11-19,0.307062,0.291886,0.305972,0.610418
2021-11-20,0.318082,0.307925,0.292305,0.591848
2021-11-21,0.317347,0.311011,0.293785,0.576190
2021-11-22,0.309914,0.312756,0.285769,0.565610
2021-11-23,0.313061,0.312764,0.294996,0.564880
2021-11-24,0.300173,0.307405,0.294092,0.567008
2021-11-25,0.300648,0.289323,0.288489,0.556633
2021-11-26,0.301419,0.287824,0.262623,0.557613
2021-11-27,0.298686,0.289440,0.260092,0.557374
2021-11-28,0.292231,0.287043,0.260125,0.567837
2021-11-29,0.283365,0.295401,0.259567,0.624245
2021-11-30,0.298925,0.290086,0.278034,0.613658
2021-12-01,0.271788,0.297537,0.273119,0.531378
2021-12-02,0.248689,0.303854,0.277217,0.526361
2021-12-03,0.242698,0.297007,0.270023,0.526168
2021-12-04,0.235833,0.290772,0.267692,0.540362
2021-12-05,0.233829,0.291288,0.266137,0.511756
2021-12-06,0.214249,0.299305,0.256958,0.534863
2021-12-07,0.192427,0.304424,0.254765,0.536770
2021-12-08,0.191513,0.282833,0.254466,0.539908
2021-12-09,0.168965,0.303184,0.254443,0.531282
2021-12-10,0.172993,0.291869,0.255299,0.530086
2021-12-11,0.172633,0.283220,0.255837,0.532144
2021-12-12,0.174736,0.286070,0.256603,0.559795
2021-12-13,0.178164,0.283526,0.246522,0.558404
2021-12-14,0.172373,0.270375,0.217214,0.568112
2021-12-15,0.173986,0.268974,0.206876,0.587102
2021-12-16,0.178991,0.273121,0.200003,0.592549
2021-12-17,0.173722,0.265669,0.206196,0.587583
2021-12-18,0.177536,0.264964,0.208695,0.596676
2021-12-19,0.177532,0.266099,0.208132,0.574261
2021-12-20,0.172170,0.258186,0.210848,0.604813
2021-12-21,0.171418,0.257989,0.209052,0.617849
2021-12-22,0.177364,0.261773,0.218544,0.613761
2021-12-23,0.212806,0.277204,0.206836,0.603375
2021-12-24,0.217594,0.276646,0.212036,0.607446
2021-12-25,0.214956,0.277858,0.211357,0.605841
2021-12-26,0.232899,0.275606,0.212442,0.627916
2021-12-27,0.229345,0.274997,0.237278,0.609304
2021-12-28,0.229205,0.276932,0.242379,0.625567
2021-12-29,0.235772,0.267442,0.242521,0.590649
2021-12-30,0.226042,0.267746,0.225615,0.563422
2021-12-31,0.231614,0.263935,0.235723,0.586359
2022-01-01,0.229575,0.255896,0.232224,0.605056
2022-01-02,0.229930,0.261285,0.235929,0.653969
2022-01-03,0.230609,0.258250,0.235915,0.649573
2022-01-04,0.230904,0.261076,0.245825,0.651602
2022-01-05,0.227182,0.258217,0.245159,0.638139
2022-01-06,0.234443,0.260265,0.241527,0.633914
2022-01-07,0.235699,0.260237,0.243775,0.642277
2022-01-08,0.236646,0.225501,0.247595,0.642296
2022-01-09,0.235252,0.232978,0.239006,0.643433
2022-01-10,0.235000,0.232386,0.244162,0.641259
2022-01-11,0.231135,0.227246,0.243992,0.613701
2022-01-12,0.225499,0.232000,0.242344,0.603425
2022-01-13,0.225488,0.227967,0.242112,0.598970
2022-01-14,0.225634,0.218741,0.242271,0.584825
2022-01-15,0.223582,0.221598,0.245394,0.580388
2022-01-16,0.224394,0.221134,0.253198,0.581483
2022-01-17,0.221611,0.218642,0.251802,0.572972
2022-01-18,0.230686,0.223044,0.251875,0.564280
2022-01-19,0.230735,0.221501,0.260645,0.539977
2022-01-20,0.234395,0.218986,0.260975,0.546300
2022-01-21,0.230994,0.220880,0.273783,0.547011
2022-01-22,0.201811,0.210652,0.279715,0.570256
2022-01-23,0.208165,0.212788,0.277070,0.569814
2022-01-24,0.212278,0.212780,0.279024,0.569141
2022-01-25,0.196629,0.213100,0.279331,0.522988
2022-01-26,0.201917,0.214069,0.261125,0.526953
2022-01-27,0.204730,0.203421,0.263926,0.502895
2022-01-28,0.196164,0.205877,0.274588,0.500919
2022-01-29,0.186026,0.207594,0.301059,0.517564
2022-01-30,0.179554,0.198729,0.294145,0.516169
2022-01-31,0.180015,0.200742,0.285652,0.506524
2022-02-01,0.180425,0.198295,0.298691,0.470045
2022-02-02,0.183523,0.197021,0.300312,0.496896
2022-02-03,0.183293,0.196890,0.290667,0.501896
2022-02-04,0.183944,0.179152,0.291182,0.499341
2022-02-05,0.172356,0.189379,0.290474,0.509397
2022-02-06,0.184795,0.191902,0.286899,0.498922
2022-02-07,0.193167,0.189008,0.281955,0.498969
2022-02-08,0.195093,0.186664,0.282666,0.517043
2022-02-09,0.198474,0.186544,0.281165,0.508285
2022-02-10,0.216587,0.188427,0.286563,0.521703
2022-02-11,0.217417,0.171108,0.290252,0.521926
2022-02-12,0.219081,0.172661,0.289465,0.523368
2022-02-13,0.218942,0.171499,0.284383,0.540260
2022-02-14,0.220125,0.166974,0.281630,0.544652
2022-02-15,0.219364,0.165963,0.267281,0.542062
2022-02-16,0.219504,0.170638,0.269528,0.538298
2022-02-17,0.214137,0.160165,0.269103,0.538598
2022-02-18,0.213331,0.160420,0.285975,0.542430
2022-02-19,0.204525,0.160383,0.285961,0.500074
2022-02-20,0.204688,0.153007,0.274818,0.509816
2022-02-21,0.206804,0.160885,0.269165,0.490533
2022-02-22,0.196796,0.152815,0.297143,0.503626
2022-02-23,0.188880,0.155930,0.302757,0.502156
2022-02-24,0.186299,0.158015,0.301179,0.496921
2022-02-25,0.183094,0.156715,0.301385,0.514797
2022-02-26,0.177362,0.157327,0.294804,0.503699
2022-02-27,0.177796,0.156906,0.283916,0.492391
2022-02-28,0.183128,0.168727,0.257177,0.479443
2022-03-01,0.217707,0.188166,0.286621,0.466406
2022-03-02,0.216682,0.187584,0.286405,0.464532
2022-03-03,0.219990,0.210534,0.276749,0.445462
2022-03-04,0.217515,0.210339,0.274817,0.432659
2022-03-05,0.220754,0.213399,0.274293,0.448005
2022-03-06,0.223531,0.233242,0.274080,0.448888
2022-03-07,0.223471,0.238565,0.273938,0.443547
2022-03-08,0.210325,0.242236,0.273946,0.448979
2022-03-09,0.211340,0.251516,0.274228,0.455842
2022-03-10,0.209051,0.259089,0.280379,0.454610
2022-03-11,0.215918,0.261158,0.276567,0.455127
2022-03-12,0.193757,0.258870,0.269465,0.472608
2022-03-13,0.193578,0.251662,0.273151,0.506135
2022-03-14,0.192588,0.255840,0.272555,0.521796
2022-03-15,0.193687,0.255956,0.273477,0.549213
2022-03-16,0.193234,0.261659,0.278109,0.539913
2022-03-17,0.194226,0.266631,0.278068,0.551028
2022-03-18,0.194664,0.267301,0.272173,0.550604
2022-03-19,0.198496,0.270839,0.281446,0.555057
2022-03-20,0.198770,0.272135,0.273434,0.552951
2022-03-21,0.199629,0.281124,0.275982,0.574962
2022-03-22,0.208457,0.284834,0.280118,0.575439
2022-03-23,0.206048,0.278880,0.297446,0.569550
2022-03-24,0.206692,0.277544,0.267102,0.553013
2022-03-25,0.206523,0.293241,0.254908,0.545998
2022-03-26,0.205556,0.298588,0.254129,0.546646
2022-03-27,0.210080,0.298569,0.254847,0.528862
2022-03-28,0.212523,0.300123,0.254842,0.525832
2022-03-29,0.218575,0.302378,0.264433,0.561619
2022-03-30,0.216045,0.295708,0.266314,0.578584
2022-03-31,0.202321,0.293810,0.236810,0.581509
2022-04-01,0.203962,0.294902,0.242548,0.605258
2022-04-02,0.201422,0.287980,0.237093,0.609927
2022-04-03,0.201202,0.290168,0.236286,0.601034
2022-04-04,0.199970,0.303116,0.237320,0.575007
2022-04-05,0.198670,0.285875,0.236615,0.575024
2022-04-06,0.199354,0.278964,0.236647,0.575101
2022-04-07,0.200088,0.279030,0.242084,0.594204
2022-04-08,0.190654,0.271741,0.241257,0.589848
2022-04-09,0.192887,0.264633,0.232988,0.576954
2022-04-10,0.186387,0.262489,0.237280,0.596154
2022-04-11,0.188730,0.262204,0.240644,0.582108
2022-04-12,0.189559,0.262141,0.224630,0.629324
2022-04-13,0.211752,0.266847,0.225085,0.618542
2022-04-14,0.209549,0.267038,0.251771,0.573910
2022-04-15,0.213872,0.259353,0.252356,0.573843
2022-04-16,0.205692,0.260099,0.259926,0.559277
2022-04-17,0.201712,0.255595,0.278736,0.564380
2022-04-18,0.201026,0.251135,0.276941,0.556126
2022-04-19,0.201038,0.250227,0.268052,0.570821
2022-04-20,0.208159,0.241622,0.268153,0.533476
2022-04-21,0.202571,0.237577,0.261382,0.516429
2022-04-22,0.202565,0.245821,0.236804,0.513648
2022-04-23,0.203987,0.245234,0.238086,0.494424
2022-04-24,0.204625,0.237987,0.238241,0.490423
2022-04-25,0.208598,0.231442,0.249950,0.517860
2022-04-26,0.218863,0.233621,0.279987,0.538660
2022-04-27,0.216604,0.231697,0.280399,0.579961
2022-04-28,0.209429,0.231169,0.272569,0.568307
2022-04-29,0.207477,0.237170,0.271546,0.579768
2022-04-30,0.190928,0.224074,0.271218,0.586124
2022-05-01,0.189707,0.227029,0.278058,0.575460
2022-05-02,0.189783,0.225735,0.276488,0.661157
2022-05-03,0.198794,0.223566,0.278281,0.666441
2022-05-04,0.191855,0.207580,0.279355,0.668094
2022-05-05,0.192422,0.209030,0.291301,0.677922
2022-05-06,0.191173,0.207482,0.294629,0.678582
2022-05-07,0.197650,0.198249,0.294182,0.664970
2022-05-08,0.210961,0.202131,0.295024,0.664858
2022-05-09,0.221582,0.201968,0.295661,0.660459
2022-05-10,0.220874,0.203453,0.292051,0.681969
2022-05-11,0.220359,0.203463,0.316992,0.698691
2022-05-12,0.219687,0.207580,0.317184,0.652508
2022-05-13,0.194336,0.200671,0.315071,0.656868
2022-05-14,0.191846,0.201298,0.298609,0.657055
2022-05-15,0.189755,0.201993,0.292006,0.660621
2022-05-16,0.194083,0.196203,0.290003,0.660428
2022-05-17,0.199542,0.197484,0.305407,0.655864
2022-05-18,0.201608,0.203425,0.300940,0.655574
2022-05-19,0.201409,0.209019,0.305362,0.644121
2022-05-20,0.196036,0.208938,0.304691,0.643999
2022-05-21,0.201778,0.228134,0.304746,0.687527
2022-05-22,0.202099,0.219155,0.305030,0.691951
2022-05-23,0.199763,0.224663,0.302813,0.700834
2022-05-24,0.198418,0.213479,0.304762,0.706178
2022-05-25,0.202252,0.217145,0.295339,0.689445
2022-05-26,0.198858,0.218210,0.281317,0.665169
2022-05-27,0.215393,0.216752,0.288214,0.625515
2022-05-28,0.220320,0.216730,0.306848,0.638143
2022-05-29,0.218452,0.206205,0.308644,0.607205
2022-05-30,0.225247,0.228353,0.309056,0.599021
2022-05-31,0.225324,0.224117,0.302250,0.577081
2022-06-01,0.228866,0.211041,0.303266,0.506536
2022-06-02,0.222811,0.216182,0.304189,0.538390
2022-06-03,0.222904,0.216583,0.334239,0.548195
2022-06-04,0.225469,0.216432,0.323915,0.548618
2022-06-05,0.251622,0.216845,0.339558,0.543640
2022-06-06,0.249401,0.236437,0.352867,0.556867
2022-06-07,0.235853,0.251032,0.353127,0.557908
2022-06-08,0.224424,0.259304,0.362244,0.561750
2022-06-09,0.229884,0.262269,0.380855,0.534262
2022-06-10,0.229018,0.264340,0.364620,0.503616
2022-06-11,0.230218,0.259575,0.364558,0.523903
2022-06-12,0.235799,0.257494,0.377023,0.511253
2022-06-13,0.244516,0.255759,0.374658,0.530267
2022-06-14,0.242164,0.254883,0.373715,0.527949
2022-06-15,0.240316,0.252382,0.371908,0.547693
2022-06-16,0.236364,0.253136,0.354595,0.548788
2022-06-17,0.235760,0.245602,0.354465,0.545550
2022-06-18,0.235568,0.244493,0.351232,0.546095
2022-06-19,0.236181,0.243574,0.352693,0.546993
2022-06-20,0.233245,0.231636,0.358441,0.498653
2022-06-21,0.235818,0.232031,0.362330,0.491548
2022-06-22,0.236280,0.227155,0.363882,0.487974
2022-06-23,0.243877,0.226056,0.364133,0.478160
2022-06-24,0.249575,0.230118,0.361043,0.485130
2022-06-25,0.239843,0.231323,0.354831,0.491353
2022-06-26,0.223987,0.249756,0.350698,0.492300
2022-06-27,0.221858,0.247397,0.336274,0.453072
2022-06-28,0.221374,0.248539,0.334459,0.459869
2022-06-29,0.213066,0.234786,0.335856,0.471217
2022-06-30,0.213116,0.238807,0.331145,0.471974
2022-07-01,0.213649,0.242369,0.328888,0.469882
2022-07-02,0.210242,0.237111,0.324210,0.446355
2022-07-03,0.210505,0.245694,0.281447,0.450097
2022-07-04,0.208841,0.245424,0.280195,0.438415
2022-07-05,0.179584,0.245953,0.270388,0.478725
2022-07-06,0.179042,0.229551,0.256578,0.464141
2022-07-07,0.179026,0.214438,0.256896,0.465324
2022-07-08,0.183583,0.204980,0.245408,0.470528
2022-07-09,0.177042,0.211516,0.213461,0.469718
2022-07-10,0.180266,0.211101,0.197947,0.468474
2022-07-11,0.176548,0.212084,0.196616,0.443601
2022-07-12,0.172195,0.212277,0.173890,0.441156
2022-07-13,0.171215,0.216589,0.180558,0.417850
2022-07-14,0.172186,0.223665,0.178706,0.424851
2022-07-15,0.198851,0.224108,0.195975,0.411815
2022-07-16,0.198375,0.222984,0.191053,0.437072
2022-07-17,0.193245,0.230751,0.186856,0.436801
2022-07-18,0.194341,0.229721,0.190676,0.439537
2022-07-19,0.199849,0.229466,0.195122,0.453919
2022-07-20,0.199235,0.236704,0.183997,0.448420
2022-07-21,0.199064,0.240756,0.176774,0.449964
2022-07-22,0.201040,0.236614,0.171687,0.444426
2022-07-23,0.192347,0.237337,0.170891,0.444862
2022-07-24,0.175283,0.230533,0.174328,0.455241
2022-07-25,0.176152,0.226199,0.182834,0.468146
2022-07-26,0.177815,0.207263,0.179047,0.463971
2022-07-27,0.174582,0.228247,0.178776,0.448052
2022-07-28,0.179094,0.233661,0.229722,0.518343
2022-07-29,0.178683,0.236749,0.228972,0.521719
2022-07-30,0.186214,0.227885,0.230314,0.526057
2022-07-31,0.207137,0.244484,0.230350,0.539224
2022-08-01,0.206952,0.244984,0.232922,0.538340
2022-08-02,0.206527,0.240594,0.241899,0.534410
2022-08-03,0.213247,0.246129,0.242928,0.534690
2022-08-04,0.213466,0.245494,0.242418,0.509379
2022-08-05,0.220913,0.250226,0.240935,0.491650
2022-08-06,0.241220,0.253050,0.239798,0.513381
2022-08-07,0.237178,0.255237,0.254396,0.537549
2022-08-08,0.236552,0.247801,0.256660,0.537816
2022-08-09,0.233300,0.250156,0.257654,0.538690
2022-08-10,0.238661,0.255686,0.262366,0.563516
2022-08-11,0.239253,0.255401,0.274456,0.571645
2022-08-12,0.231884,0.252154,0.271189,0.576121
2022-08-13,0.235072,0.247916,0.284088,0.567338
2022-08-14,0.205930,0.251096,0.282977,0.564610
2022-08-15,0.206546,0.258947,0.282886,0.543721
2022-08-16,0.213704,0.254281,0.290169,0.544308
2022-08-17,0.214642,0.254393,0.288197,0.541765
2022-08-18,0.212573,0.255448,0.288962,0.526785
2022-08-19,0.224046,0.249092,0.300534,0.527315
2022-08-20,0.226580,0.244044,0.306231,0.547577
2022-08-21,0.225647,0.250862,0.307925,0.556381
2022-08-22,0.228083,0.249925,0.317029,0.561888
2022-08-23,0.251587,0.249735,0.315476,0.551768
2022-08-24,0.252493,0.249040,0.314666,0.540475
2022-08-25,0.253121,0.247832,0.321009,0.534997
2022-08-26,0.254717,0.234484,0.318979,0.535128
2022-08-27,0.252334,0.229829,0.295064,0.493247
2022-08-28,0.254597,0.236602,0.296713,0.494884
2022-08-29,0.247648,0.237167,0.312961,0.491021
2022-08-30,0.228926,0.226873,0.313689,0.488010
2022-08-31,0.229263,0.227707,0.310247,0.486948
2022-09-01,0.230609,0.225718,0.297935,0.484818
2022-09-02,0.218747,0.220505,0.300460,0.483820
2022-09-03,0.217502,0.216564,0.301973,0.509137
2022-09-04,0.207785,0.215404,0.302939,0.538148
2022-09-05,0.191833,0.213421,0.302985,0.509968
2022-09-06,0.192756,0.210192,0.303972,0.492882
2022-09-07,0.192720,0.230170,0.307655,0.491303
2022-09-08,0.194062,0.230488,0.322759,0.490926
2022-09-09,0.185279,0.237124,0.320618,0.468959
2022-09-10,0.186615,0.237123,0.309275,0.451907
2022-09-11,0.180604,0.239413,0.299551,0.449627
2022-09-12,0.168168,0.236132,0.282854,0.450768
2022-09-13,0.173302,0.233377,0.278881,0.446997
2022-09-14,0.176656,0.228099,0.288430,0.448910
2022-09-15,0.175510,0.235365,0.285116,0.449589
2022-09-16,0.177589,0.238537,0.285135,0.440429
2022-09-17,0.178540,0.239845,0.320294,0.431314
2022-09-18,0.172042,0.247618,0.310746,0.432910
2022-09-19,0.172123,0.247674,0.305363,0.398443
2022-09-20,0.172600,0.245179,0.305101,0.388052
2022-09-21,0.173581,0.248329,0.302618,0.382807
2022-09-22,0.146819,0.248888,0.303704,0.379230
2022-09-23,0.146377,0.250832,0.302166,0.388859
2022-09-24,0.164260,0.251050,0.300660,0.389568
2022-09-25,0.160188,0.241650,0.301960,0.417908
2022-09-26,0.159291,0.241832,0.295910,0.409224
2022-09-27,0.170633,0.224692,0.308443,0.378934
2022-09-28,0.175422,0.224327,0.293771,0.380741
2022-09-29,0.168445,0.223330,0.294043,0.378008
2022-09-30,0.171278,0.224475,0.295165,0.384116
2022-10-01,0.179951,0.224356,0.299640,0.396342
2022-10-02,0.180317,0.224901,0.296938,0.395300
2022-10-03,0.185710,0.225324,0.295854,0.364549
2022-10-04,0.180508,0.212872,0.295116,0.373499
2022-10-05,0.181151,0.212660,0.294848,0.375044
2022-10-06,0.178800,0.214587,0.286461,0.360494
2022-10-07,0.178628,0.206286,0.279241,0.365270
2022-10-08,0.179413,0.202945,0.263544,0.380458
2022-10-09,0.176629,0.188844,0.261629,0.379632
2022-10-10,0.183269,0.189235,0.265219,0.419440
2022-10-11,0.182927,0.187135,0.265393,0.436225
2022-10-12,0.185850,0.196872,0.266285,0.450669
2022-10-13,0.177328,0.197128,0.277346,0.458279
2022-10-14,0.185830,0.187479,0.270321,0.459531
2022-10-15,0.189144,0.178059,0.270350,0.455972
2022-10-16,0.193201,0.167986,0.269339,0.455851
2022-10-17,0.193041,0.175160,0.233266,0.472631
2022-10-18,0.192969,0.168271,0.231097,0.473857
2022-10-19,0.203527,0.178618,0.227887,0.474830
2022-10-20,0.205415,0.173342,0.227924,0.480595
2022-10-21,0.208567,0.181864,0.224834,0.496354
2022-10-22,0.219834,0.187134,0.223209,0.488297
2022-10-23,0.219831,0.192587,0.233078,0.503904
2022-10-24,0.209084,0.191529,0.227064,0.506370
2022-10-25,0.207747,0.191487,0.225658,0.485082
2022-10-26,0.207886,0.188843,0.218094,0.508895
2022-10-27,0.197812,0.193818,0.202965,0.513706
2022-10-28,0.193195,0.209894,0.201687,0.510479
2022-10-29,0.203198,0.207655,0.202257,0.510059
2022-10-30,0.198930,0.205715,0.215816,0.508106
2022-10-31,0.189081,0.203844,0.208943,0.498221
2022-11-01,0.194099,0.203045,0.210021,0.525737
2022-11-02,0.189658,0.203477,0.214555,0.525959
2022-11-03,0.191788,0.202081,0.227267,0.482601
2022-11-04,0.194215,0.201556,0.228879,0.480702
2022-11-05,0.194380,0.204593,0.235260,0.480103
2022-11-06,0.198401,0.191689,0.235684,0.470228
2022-11-07,0.194323,0.193112,0.232052,0.458014
2022-11-08,0.196674,0.199648,0.255622,0.457750
2022-11-09,0.191987,0.228724,0.260136,0.434384
2022-11-10,0.191414,0.228498,0.259758,0.418107
2022-11-11,0.191052,0.217651,0.266945,0.404701
2022-11-12,0.189452,0.224192,0.253717,0.394039
2022-11-13,0.189705,0.228528,0.269431,0.396257
2022-11-14,0.186455,0.223653,0.269881,0.396238
2022-11-15,0.181922,0.226788,0.270902,0.395311
2022-11-16,0.178216,0.238004,0.267712,0.411578
2022-11-17,0.180787,0.238598,0.272633,0.409517
2022-11-18,0.167544,0.229432,0.281446,0.416682
2022-11-19,0.164187,0.229235,0.281517,0.410848
2022-11-20,0.167524,0.219876,0.278484,0.417324
2022-11-21,0.146599,0.213830,0.283014,0.439523
2022-11-22,0.158698,0.209929,0.286188,0.413800
2022-11-23,0.159229,0.210925,0.287138,0.414338
2022-11-24,0.167417,0.212045,0.295994,0.421248
2022-11-25,0.169794,0.213917,0.296209,0.388131
2022-11-26,0.172025,0.213704,0.317108,0.374520
2022-11-27,0.176353,0.198702,0.317107,0.391419
2022-11-28,0.173330,0.199985,0.315833,0.396181
2022-11-29,0.181898,0.196843,0.305999,0.406966
2022-11-30,0.181965,0.200034,0.307920,0.428811
2022-12-01,0.183608,0.220554,0.307820,0.413255
2022-12-02,0.182512,0.221155,0.301879,0.431011
2022-12-03,0.182878,0.227993,0.296924,0.469370
2022-12-04,0.187276,0.227289,0.295311,0.467340
2022-12-05,0.185955,0.230897,0.307043,0.467026
2022-12-06,0.185011,0.235931,0.313317,0.472852
2022-12-07,0.193228,0.233327,0.312743,0.474758
2022-12-08,0.187764,0.230946,0.299252,0.475242
2022-12-09,0.184302,0.221920,0.288143,0.471284
2022-12-10,0.183480,0.222299,0.288092,0.470080
2022-12-11,0.186433,0.224026,0.289879,0.470136
2022-12-12,0.188339,0.228726,0.296622,0.486269
2022-12-13,0.185247,0.226458,0.291383,0.488126
2022-12-14,0.199347,0.229389,0.296165,0.489171
2022-12-15,0.199387,0.223457,0.303063,0.490964
2022-12-16,0.206540,0.212656,0.302528,0.458250
2022-12-17,0.209405,0.211451,0.295413,0.466368
2022-12-18,0.215131,0.223185,0.291902,0.479942
2022-12-19,0.216080,0.227797,0.295430,0.479886
2022-12-20,0.214037,0.237852,0.300991,0.457612
2022-12-21,0.216725,0.240492,0.299830,0.458456
2022-12-22,0.210039,0.243387,0.292485,0.476863
2022-12-23,0.209994,0.256342,0.293309,0.476521
2022-12-24,0.220927,0.256925,0.284332,0.462105
2022-12-25,0.218146,0.262438,0.290864,0.458551
2022-12-26,0.217142,0.259001,0.260078,0.465150
2022-12-27,0.219927,0.269924,0.263499,0.479104
2022-12-28,0.212512,0.273042,0.283739,0.480270
2022-12-29,0.209621,0.272820,0.285844,0.461195
2022-12-30,0.208974,0.283147,0.292528,0.451280
2022-12-31,0.215442,0.267748,0.289654,0.444743
2023-01-01,0.216542,0.276443,0.295483,0.425067
2023-01-02,0.218893,0.273814,0.296675,0.423764
2023-01-03,0.225374,0.273927,0.300998,0.424355
2023-01-04,0.231743,0.272214,0.278272,0.426326
2023-01-05,0.232040,0.268936,0.288620,0.425113
2023-01-06,0.242274,0.267540,0.291049,0.422171
2023-01-07,0.242004,0.267446,0.300908,0.420768
2023-01-08,0.244309,0.260999,0.311159,0.422750
2023-01-09,0.244668,0.267493,0.313271,0.423361
2023-01-10,0.249334,0.265040,0.301512,0.421570
2023-01-11,0.247056,0.260725,0.294779,0.433672
2023-01-12,0.268644,0.273575,0.288356,0.429015
2023-01-13,0.259580,0.281560,0.292569,0.429860
2023-01-14,0.258457,0.282048,0.291721,0.437062
2023-01-15,0.255445,0.293826,0.290091,0.440680
2023-01-16,0.252436,0.293892,0.292899,0.428467
2023-01-17,0.247174,0.287360,0.291330,0.410469
2023-01-18,0.246654,0.283437,0.296947,0.410930
2023-01-19,0.246015,0.273403,0.292284,0.399904
2023-01-20,0.241864,0.272444,0.286851,0.387905
2023-01-21,0.235862,0.268192,0.284553,0.371688
2023-01-22,0.237143,0.255579,0.281889,0.372158
2023-01-23,0.225379,0.265006,0.297682,0.374996
2023-01-24,0.226157,0.256050,0.291103,0.382058
2023-01-25,0.233997,0.265716,0.289411,0.381041
2023-01-26,0.224108,0.258293,0.295050,0.352006
2023-01-27,0.222476,0.256644,0.292474,0.347395
2023-01-28,0.227098,0.260347,0.299365,0.357451
2023-01-29,0.227029,0.245756,0.286838,0.377916
2023-01-30,0.221418,0.242831,0.286299,0.405649
2023-01-31,0.216335,0.228732,0.270034,0.415277
2023-02-01,0.214468,0.231735,0.273115,0.394556
2023-02-02,0.208399,0.236991,0.272129,0.394398
2023-02-03,0.203910,0.240120,0.282529,0.391550
2023-02-04,0.210915,0.243128,0.275557,0.396847
2023-02-05,0.191881,0.240912,0.293519,0.403595
2023-02-06,0.192694,0.247308,0.269047,0.421775
2023-02-07,0.191743,0.247536,0.265124,0.441081
2023-02-08,0.196396,0.244303,0.266272,0.445789
2023-02-09,0.189578,0.244506,0.270009,0.446947
2023-02-10,0.187899,0.253988,0.272990,0.423479
2023-02-11,0.149887,0.247410,0.274841,0.431954
2023-02-12,0.154991,0.251349,0.297181,0.450050
2023-02-13,0.155072,0.252260,0.300601,0.440574
2023-02-14,0.152074,0.244984,0.299806,0.457923
2023-02-15,0.151834,0.253905,0.298700,0.461057
2023-02-16,0.159397,0.252871,0.297604,0.478141
2023-02-17,0.161646,0.255440,0.285175,0.494916
2023-02-18,0.162195,0.256118,0.283607,0.495489
2023-02-19,0.167937,0.258246,0.294141,0.500306
2023-02-20,0.165762,0.258499,0.303836,0.506048
2023-02-21,0.176786,0.265476,0.323161,0.508750
2023-02-22,0.180311,0.273689,0.316325,0.505712
2023-02-23,0.183969,0.273092,0.309917,0.498985
2023-02-24,0.176128,0.278712,0.309862,0.523040
2023-02-25,0.175259,0.276191,0.302808,0.523314
2023-02-26,0.175778,0.276008,0.303937,0.530589
2023-02-27,0.172471,0.273050,0.296538,0.520927
2023-02-28,0.173820,0.273716,0.295915,0.525047
2023-03-01,0.176349,0.269265,0.295813,0.510845
2023-03-02,0.180117,0.268531,0.295993,0.502879
2023-03-03,0.182690,0.268895,0.296743,0.507598
2023-03-04,0.179302,0.266002,0.315596,0.510463
2023-03-05,0.178129,0.266305,0.309404,0.511660
2023-03-06,0.167222,0.263090,0.306329,0.511814
2023-03-07,0.168333,0.268121,0.280517,0.513923
2023-03-08,0.168511,0.260189,0.280878,0.504597
2023-03-09,0.173609,0.264700,0.282463,0.495992
2023-03-10,0.167476,0.283270,0.289524,0.491257
2023-03-11,0.179337,0.283281,0.282159,0.490025
2023-03-12,0.194302,0.284650,0.275583,0.489600
2023-03-13,0.194221,0.280387,0.265827,0.482356
2023-03-14,0.187325,0.265673,0.253933,0.458536
2023-03-15,0.186988,0.268750,0.252810,0.469998
2023-03-16,0.188430,0.258161,0.252273,0.451571
2023-03-17,0.205615,0.243914,0.256246,0.448738
2023-03-18,0.199566,0.243892,0.286031,0.478160
2023-03-19,0.202933,0.242708,0.294057,0.463655
2023-03-20,0.221440,0.249587,0.285578,0.478557
2023-03-21,0.222817,0.263038,0.281828,0.536934
2023-03-22,0.224338,0.265897,0.281656,0.529131
2023-03-23,0.217472,0.263695,0.269678,0.528063
2023-03-24,0.214512,0.248546,0.272692,0.544763
2023-03-25,0.211834,0.248581,0.272884,0.541986
2023-03-26,0.210617,0.234412,0.283061,0.522203
2023-03-27,0.210443,0.234925,0.297047,0.521169
2023-03-28,0.215494,0.231978,0.290680,0.517178
2023-03-29,0.213377,0.248491,0.290263,0.518117
2023-03-30,0.210902,0.247447,0.289831,0.495251
2023-03-31,0.217594,0.249372,0.310160,0.494576
2023-04-01,0.214909,0.247871,0.312301,0.490286
2023-04-02,0.215716,0.244067,0.319155,0.473407
2023-04-03,0.218081,0.243870,0.297512,0.464185
2023-04-04,0.218924,0.242341,0.299277,0.463470
2023-04-05,0.220514,0.243839,0.290132,0.459931
2023-04-06,0.220527,0.236715,0.288715,0.456980
2023-04-07,0.220501,0.236509,0.292596,0.450314
2023-04-08,0.222759,0.243458,0.308521,0.462689
2023-04-09,0.224716,0.232934,0.292659,0.462847
2023-04-10,0.217094,0.239593,0.292944,0.449634
2023-04-11,0.204843,0.228896,0.292025,0.450956
2023-04-12,0.204327,0.227995,0.298332,0.452652
2023-04-13,0.208269,0.228017,0.298162,0.449554
2023-04-14,0.208015,0.221606,0.295559,0.424849
2023-04-15,0.207173,0.221397,0.303972,0.449077
2023-04-16,0.191253,0.220886,0.304957,0.456142
2023-04-17,0.190560,0.221259,0.285776,0.418672
2023-04-18,0.204083,0.221086,0.275876,0.417969
2023-04-19,0.186347,0.220347,0.277546,0.388383
2023-04-20,0.179421,0.203746,0.282908,0.313245
2023-04-21,0.178382,0.198389,0.279579,0.327612
2023-04-22,0.177172,0.192008,0.277150,0.326767
2023-04-23,0.177833,0.199806,0.270735,0.301275
2023-04-24,0.175037,0.201040,0.275987,0.318431
2023-04-25,0.184697,0.203330,0.260288,0.378017
2023-04-26,0.191229,0.217083,0.249385,0.400761
2023-04-27,0.189192,0.222426,0.249918,0.405951
2023-04-28,0.195352,0.217153,0.250854,0.416231
2023-04-29,0.209518,0.216721,0.257726,0.417899
2023-04-30,0.207538,0.215102,0.231351,0.417808
2023-05-01,0.209597,0.216606,0.235997,0.460746
2023-05-02,0.204806,0.225994,0.217520,0.469789
2023-05-03,0.202337,0.230738,0.243303,0.469730
2023-05-04,0.201733,0.234122,0.244221,0.486379
2023-05-05,0.206418,0.244518,0.244333,0.483176
2023-05-06,0.207870,0.256690,0.244161,0.489370
2023-05-07,0.206724,0.256986,0.242781,0.509379
2023-05-08,0.192134,0.240642,0.230677,0.497800
2023-05-09,0.186469,0.231961,0.230610,0.502150
2023-05-10,0.186707,0.224368,0.230560,0.548379
2023-05-11,0.192853,0.257060,0.230935,0.548807
2023-05-12,0.193841,0.258471,0.229510,0.561731
2023-05-13,0.195928,0.258702,0.232766,0.558262
2023-05-14,0.195189,0.273950,0.238151,0.553231
2023-05-15,0.195907,0.281709,0.235338,0.581933
2023-05-16,0.199126,0.284574,0.228402,0.579134
2023-05-17,0.202867,0.290504,0.234470,0.585801
2023-05-18,0.195075,0.293897,0.237055,0.582008
2023-05-19,0.193888,0.292185,0.237399,0.588839
2023-05-20,0.194831,0.298912,0.233509,0.594407
2023-05-21,0.195492,0.300724,0.236223,0.596400
2023-05-22,0.200835,0.308417,0.253390,0.598121
2023-05-23,0.204926,0.307908,0.248854,0.600656
2023-05-24,0.204847,0.317124,0.247505,0.598766
2023-05-25,0.203326,0.326329,0.247308,0.556597
2023-05-26,0.197596,0.309959,0.249594,0.550995
2023-05-27,0.199460,0.308583,0.252025,0.568183
2023-05-28,0.203993,0.307105,0.253727,0.571413
2023-05-29,0.185659,0.312848,0.247940,0.594131
2023-05-30,0.182332,0.312131,0.248380,0.614831
2023-05-31,0.199314,0.315422,0.262935,0.581962
2023-06-01,0.199348,0.314568,0.261721,0.591568
2023-06-02,0.200973,0.309781,0.243213,0.591063
2023-06-03,0.202147,0.312551,0.240774,0.573173
2023-06-04,0.201703,0.300369,0.239416,0.573698
2023-06-05,0.202148,0.285258,0.253753,0.575976
2023-06-06,0.202316,0.298637,0.258355,0.565679
2023-06-07,0.202038,0.300744,0.256720,0.568524
2023-06-08,0.212215,0.301103,0.257720,0.574724
2023-06-09,0.208633,0.309733,0.259210,0.524342
2023-06-10,0.202104,0.288133,0.261514,0.527111
2023-06-11,0.202368,0.285681,0.271800,0.510269
2023-06-12,0.197803,0.286238,0.273990,0.524847
2023-06-13,0.198036,0.269188,0.274041,0.526984
2023-06-14,0.201145,0.265706,0.256619,0.489566
2023-06-15,0.198238,0.263293,0.263896,0.497606
2023-06-16,0.198688,0.256778,0.255398,0.489305
2023-06-17,0.201605,0.261890,0.257354,0.489901
2023-06-18,0.205748,0.265058,0.249578,0.518718
2023-06-19,0.204745,0.258746,0.252023,0.528490
2023-06-20,0.203366,0.256978,0.256597,0.523225
2023-06-21,0.196003,0.239177,0.242683,0.521490
2023-06-22,0.192493,0.224869,0.243301,0.536880
2023-06-23,0.196277,0.217751,0.254784,0.557954
2023-06-24,0.192410,0.222018,0.254363,0.578474
2023-06-25,0.193454,0.222666,0.257287,0.567473
2023-06-26,0.186672,0.220100,0.259841,0.552347
2023-06-27,0.179627,0.223842,0.261988,0.565863
2023-06-28,0.179628,0.225217,0.261989,0.536676
2023-06-29,0.184199,0.230391,0.260433,0.509009
2023-06-30,0.171470,0.228888,0.242047,0.509351
2023-07-01,0.172351,0.228286,0.263541,0.492321
2023-07-02,0.170282,0.234765,0.295220,0.491413
2023-07-03,0.174038,0.239370,0.292208,0.505177
2023-07-04,0.169008,0.238334,0.292807,0.507273
2023-07-05,0.176227,0.254875,0.280198,0.500710
2023-07-06,0.175988,0.245969,0.278379,0.495386
2023-07-07,0.176754,0.245379,0.278236,0.490374
2023-07-08,0.167312,0.260507,0.287063,0.499871
2023-07-09,0.167376,0.256831,0.286436,0.499202
2023-07-10,0.163739,0.279852,0.284670,0.503912
2023-07-11,0.172105,0.288344,0.283246,0.500009
2023-07-12,0.171689,0.291272,0.277293,0.509260
2023-07-13,0.169672,0.317062,0.272346,0.533403
2023-07-14,0.169419,0.318227,0.270597,0.530711
2023-07-15,0.169672,0.324965,0.266901,0.525221
2023-07-16,0.160814,0.325755,0.269024,0.521743
2023-07-17,0.159176,0.323988,0.277318,0.533921
2023-07-18,0.150964,0.316226,0.276471,0.488995
2023-07-19,0.150222,0.315710,0.292147,0.494620
2023-07-20,0.162464,0.338664,0.289384,0.507277
2023-07-21,0.165885,0.340883,0.290693,0.507294
2023-07-22,0.165696,0.342913,0.298645,0.486018
2023-07-23,0.164325,0.345127,0.288922,0.471843
2023-07-24,0.164150,0.330197,0.307275,0.458810
2023-07-25,0.160185,0.333593,0.313207,0.455045
2023-07-26,0.155979,0.333734,0.325829,0.454786
2023-07-27,0.158679,0.328650,0.321682,0.435634
2023-07-28,0.158832,0.322366,0.321922,0.434187
2023-07-29,0.147685,0.320839,0.322568,0.440476
2023-07-30,0.134998,0.318773,0.329004,0.440495
2023-07-31,0.137115,0.326275,0.318438,0.466537
2023-08-01,0.137642,0.318596,0.285793,0.467908
2023-08-02,0.151186,0.316684,0.293257,0.448885
2023-08-03,0.150014,0.317852,0.300038,0.447635
2023-08-04,0.143199,0.306343,0.300752,0.447143
2023-08-05,0.141058,0.306208,0.295591,0.467542
2023-08-06,0.141543,0.310990,0.298164,0.465833
2023-08-07,0.142221,0.300436,0.291772,0.459930
2023-08-08,0.144450,0.296511,0.294556,0.460930
2023-08-09,0.143176,0.269603,0.292584,0.466398
2023-08-10,0.136460,0.264732,0.288405,0.469387
2023-08-11,0.137103,0.269149,0.310961,0.463048
2023-08-12,0.137167,0.243898,0.309194,0.437267
2023-08-13,0.136464,0.240688,0.310411,0.445505
2023-08-14,0.135739,0.238710,0.320720,0.480594
2023-08-15,0.137867,0.236292,0.335202,0.478181
2023-08-16,0.133837,0.225828,0.326055,0.471996
2023-08-17,0.134355,0.226233,0.328148,0.490808
2023-08-18,0.144163,0.227185,0.318706,0.478659
2023-08-19,0.129470,0.205318,0.322032,0.465208
2023-08-20,0.138354,0.203023,0.320284,0.465011
2023-08-21,0.141946,0.207322,0.318221,0.493749
2023-08-22,0.152637,0.205351,0.317602,0.483345
2023-08-23,0.151825,0.205267,0.303354,0.480256
2023-08-24,0.155182,0.192434,0.303426,0.483084
2023-08-25,0.159958,0.192317,0.290131,0.481034
2023-08-26,0.156918,0.191708,0.290082,0.503273
2023-08-27,0.156753,0.191128,0.293146,0.518155
2023-08-28,0.156703,0.192941,0.299136,0.520137
2023-08-29,0.158362,0.200739,0.293942,0.520821
2023-08-30,0.160238,0.184031,0.291232,0.495733
2023-08-31,0.162334,0.188308,0.291517,0.506698
2023-09-01,0.153264,0.187637,0.284035,0.512265
2023-09-02,0.153992,0.185566,0.277934,0.526383
2023-09-03,0.154939,0.189749,0.281240,0.526385
2023-09-04,0.153896,0.189771,0.282283,0.505440
2023-09-05,0.152112,0.182822,0.280967,0.517011
2023-09-06,0.153867,0.186540,0.283614,0.509506
2023-09-07,0.157861,0.185629,0.283297,0.513904
2023-09-08,0.159368,0.188822,0.293691,0.496128
2023-09-09,0.172037,0.186117,0.290819,0.500747
2023-09-10,0.172902,0.176234,0.273178,0.493385
2023-09-11,0.172968,0.175222,0.277704,0.484409
2023-09-12,0.192755,0.181583,0.274967,0.485287
2023-09-13,0.198694,0.175357,0.256283,0.455226
2023-09-14,0.201291,0.191009,0.248172,0.456127
2023-09-15,0.199495,0.191972,0.271027,0.447199
2023-09-16,0.210886,0.200173,0.269714,0.442153
2023-09-17,0.221149,0.199931,0.263989,0.450304
2023-09-18,0.232653,0.190997,0.279638,0.447754
2023-09-19,0.229298,0.196340,0.281958,0.447530
2023-09-20,0.232236,0.189979,0.278875,0.431109
2023-09-21,0.218704,0.188774,0.312371,0.429974
2023-09-22,0.216159,0.207261,0.318369,0.436391
2023-09-23,0.206645,0.223742,0.316548,0.449190
2023-09-24,0.206387,0.227179,0.314790,0.443642
2023-09-25,0.206268,0.232301,0.316448,0.438562
2023-09-26,0.200466,0.233177,0.324699,0.436508
2023-09-27,0.200844,0.232193,0.327067,0.426460
2023-09-28,0.199586,0.226512,0.325921,0.424997
2023-09-29,0.199420,0.226822,0.327634,0.426522
2023-09-30,0.215510,0.223287,0.324192,0.421631
2023-10-01,0.216017,0.223411,0.321000,0.411001
2023-10-02,0.215892,0.223579,0.322611,0.407387
2023-10-03,0.222730,0.219389,0.312795,0.413633
2023-10-04,0.223420,0.218440,0.308145,0.435246
2023-10-05,0.223978,0.224880,0.301028,0.420715
2023-10-06,0.224023,0.225748,0.298201,0.430234
2023-10-07,0.223542,0.226190,0.302838,0.421119
2023-10-08,0.223308,0.222214,0.280277,0.419607
2023-10-09,0.218532,0.226525,0.285642,0.416962
2023-10-10,0.218918,0.227308,0.296583,0.442330
2023-10-11,0.216735,0.229502,0.294873,0.439114
2023-10-12,0.214722,0.218137,0.302104,0.443666
2023-10-13,0.209114,0.219118,0.306710,0.444599
2023-10-14,0.208951,0.213061,0.314040,0.473429
2023-10-15,0.208318,0.249601,0.306892,0.473217
2023-10-16,0.203043,0.242710,0.308662,0.461706
2023-10-17,0.192955,0.250065,0.306200,0.455785
2023-10-18,0.182727,0.254579,0.295189,0.512182
2023-10-19,0.185076,0.267240,0.321271,0.512156
2023-10-20,0.170198,0.283473,0.324486,0.499154
2023-10-21,0.170212,0.283495,0.314389,0.498993
2023-10-22,0.174115,0.267906,0.305274,0.489247
2023-10-23,0.173991,0.256056,0.297517,0.467690
2023-10-24,0.177015,0.263632,0.297945,0.472220
2023-10-25,0.181488,0.259844,0.298885,0.476056
2023-10-26,0.181770,0.259174,0.289558,0.489438
2023-10-27,0.186426,0.271907,0.281581,0.494581
2023-10-28,0.185380,0.270619,0.281864,0.505547
2023-10-29,0.194341,0.283432,0.276441,0.503748
2023-10-30,0.179989,0.282669,0.275155,0.502600
2023-10-31,0.197873,0.282057,0.275312,0.502608
2023-11-01,0.198755,0.283370,0.270886,0.520145
2023-11-02,0.196891,0.283528,0.277222,0.518759
2023-11-03,0.198117,0.296636,0.278989,0.496167
2023-11-04,0.204479,0.304277,0.280543,0.512915
2023-11-05,0.203372,0.302054,0.266898,0.510905
2023-11-06,0.211488,0.307586,0.267158,0.510739
2023-11-07,0.209495,0.307145,0.257260,0.555066
2023-11-08,0.215429,0.305753,0.256939,0.554769
2023-11-09,0.209292,0.306535,0.269364,0.550543
2023-11-10,0.206091,0.318148,0.269436,0.554102
2023-11-11,0.206620,0.331873,0.251473,0.546691
2023-11-12,0.206426,0.329123,0.255693,0.541171
2023-11-13,0.206117,0.323024,0.253366,0.521423
2023-11-14,0.208229,0.295965,0.273518,0.520614
2023-11-15,0.208804,0.297435,0.272322,0.517533
2023-11-16,0.211003,0.297983,0.277817,0.520229
2023-11-17,0.217330,0.294087,0.277961,0.488868
2023-11-18,0.216141,0.280977,0.248938,0.491389
2023-11-19,0.216564,0.262131,0.240339,0.491384
2023-11-20,0.216032,0.275877,0.227012,0.491024
2023-11-21,0.217731,0.275916,0.221964,0.491180
2023-11-22,0.216288,0.284496,0.234809,0.508562
2023-11-23,0.222376,0.288228,0.266067,0.503912
2023-11-24,0.232794,0.293743,0.265074,0.488940
2023-11-25,0.240809,0.303452,0.286114,0.467680
2023-11-26,0.248085,0.291649,0.282710,0.470174
2023-11-27,0.248310,0.299642,0.282449,0.463360
2023-11-28,0.241301,0.289840,0.285438,0.467107
2023-11-29,0.234150,0.297598,0.290502,0.465316
2023-11-30,0.220965,0.307396,0.294093,0.466088
2023-12-01,0.217416,0.305406,0.294135,0.452595
2023-12-02,0.220021,0.307628,0.298030,0.448810
2023-12-03,0.223547,0.302561,0.298459,0.457491
2023-12-04,0.217162,0.308836,0.294935,0.432463
2023-12-05,0.217367,0.310310,0.292843,0.424853
2023-12-06,0.209309,0.307773,0.291924,0.425227
2023-12-07,0.208540,0.306822,0.294612,0.388563
2023-12-08,0.204134,0.306851,0.298166,0.407617
2023-12-09,0.203825,0.307191,0.294663,0.393868
2023-12-10,0.207176,0.287212,0.291625,0.389505
2023-12-11,0.199790,0.276120,0.305315,0.385779
2023-12-12,0.198578,0.278871,0.301598,0.397373
2023-12-13,0.202271,0.279332,0.302174,0.402683
2023-12-14,0.209717,0.279966,0.281708,0.402454
2023-12-15,0.211780,0.277301,0.288597,0.414473
2023-12-16,0.209255,0.274849,0.286248,0.408221
2023-12-17,0.207735,0.270964,0.286393,0.429063
2023-12-18,0.209785,0.278228,0.285729,0.465286
2023-12-19,0.209729,0.272374,0.283828,0.466660
2023-12-20,0.216340,0.265285,0.298453,0.471903
2023-12-21,0.205237,0.273072,0.299165,0.471898
2023-12-22,0.208348,0.267361,0.294790,0.457635
2023-12-23,0.224408,0.257448,0.263016,0.463270
2023-12-24,0.215804,0.251980,0.277709,0.483281
2023-12-25,0.209199,0.241006,0.257424,0.503932
2023-12-26,0.189784,0.238713,0.256484,0.495543
2023-12-27,0.190625,0.227714,0.258235,0.542431
2023-12-28,0.192679,0.233127,0.255013,0.549166
2023-12-29,0.186878,0.235423,0.249199,0.549239
2023-12-30,0.184370,0.228630,0.257619,0.551259
2023-12-31,0.191161,0.257447,0.264626,0.531726
2024-01-01,0.183992,0.258647,0.257876,0.535533
2024-01-02,0.181517,0.255521,0.255450,0.530374
2024-01-03,0.180215,0.232446,0.253302,0.528461
2024-01-04,0.184759,0.228291,0.281590,0.529708
2024-01-05,0.185332,0.227273,0.282000,0.529407
2024-01-06,0.184992,0.242335,0.281308,0.539726
2024-01-07,0.198959,0.242741,0.276776,0.528483
2024-01-08,0.220865,0.238479,0.259326,0.550838
2024-01-09,0.216392,0.238740,0.266751,0.545803
2024-01-10,0.216037,0.238636,0.252148,0.555942
2024-01-11,0.222530,0.235437,0.254689,0.546572
2024-01-12,0.215493,0.235749,0.258507,0.580086
2024-01-13,0.214425,0.248651,0.267588,0.579938
2024-01-14,0.232353,0.253068,0.259621,0.572672
2024-01-15,0.236026,0.250307,0.259810,0.594307
2024-01-16,0.235893,0.252054,0.260554,0.558050
2024-01-17,0.236110,0.247385,0.272847,0.546322
2024-01-18,0.236090,0.254194,0.272865,0.547336
2024-01-19,0.232069,0.250700,0.255376,0.557088
2024-01-20,0.232702,0.245943,0.255217,0.562711
2024-01-21,0.229194,0.248058,0.251493,0.567004
2024-01-22,0.222950,0.244717,0.251327,0.564279
2024-01-23,0.225051,0.244242,0.233926,0.552879
2024-01-24,0.230206,0.242972,0.234738,0.537801
2024-01-25,0.236754,0.241070,0.234074,0.537285
2024-01-26,0.237150,0.233032,0.229475,0.512057
2024-01-27,0.238268,0.230359,0.263839,0.498233
2024-01-28,0.236712,0.226863,0.264036,0.530942
2024-01-29,0.237868,0.227666,0.255905,0.529158
2024-01-30,0.237823,0.198712,0.250822,0.530121
2024-01-31,0.243212,0.214379,0.247543,0.541692
2024-02-01,0.246130,0.214511,0.251049,0.600012
2024-02-02,0.247540,0.215033,0.247065,0.603807
2024-02-03,0.254000,0.217740,0.216374,0.623077
2024-02-04,0.253798,0.216649,0.215823,0.652320
2024-02-05,0.253333,0.205210,0.217369,0.648328
2024-02-06,0.245381,0.207696,0.218805,0.658843
2024-02-07,0.223475,0.206435,0.247322,0.641337
2024-02-08,0.239632,0.215894,0.238596,0.642124
2024-02-09,0.240886,0.261493,0.244745,0.632264
2024-02-10,0.246835,0.260650,0.250529,0.632999
2024-02-11,0.245890,0.262427,0.245770,0.599723
2024-02-12,0.243124,0.255229,0.259316,0.601797
2024-02-13,0.228651,0.253836,0.257864,0.603502
2024-02-14,0.226690,0.249334,0.252325,0.610931
2024-02-15,0.223893,0.253364,0.256725,0.610839
2024-02-16,0.221994,0.253952,0.249078,0.600452
2024-02-17,0.232073,0.247656,0.249867,0.619000
2024-02-18,0.236098,0.247696,0.262402,0.609337
2024-02-19,0.235712,0.261179,0.262143,0.605988
2024-02-20,0.235927,0.262949,0.261786,0.603680
2024-02-21,0.221520,0.264709,0.261765,0.604520
2024-02-22,0.222147,0.264286,0.272706,0.629601
2024-02-23,0.217644,0.277897,0.284816,0.634473
2024-02-24,0.215758,0.277153,0.299580,0.635248
2024-02-25,0.213250,0.275586,0.300701,0.608388
2024-02-26,0.209540,0.275855,0.277284,0.620865
2024-02-27,0.207826,0.279147,0.275901,0.590056
2024-02-28,0.207064,0.279014,0.275556,0.596127
2024-02-29,0.207232,0.280465,0.308062,0.592885
2024-03-01,0.209132,0.265147,0.315937,0.576063
2024-03-02,0.205621,0.269557,0.314514,0.539186
2024-03-03,0.205171,0.271088,0.314680,0.560838
2024-03-04,0.200107,0.268742,0.317275,0.537534
2024-03-05,0.196307,0.267392,0.317973,0.515226
2024-03-06,0.196491,0.260310,0.315274,0.514919
2024-03-07,0.197418,0.259045,0.313899,0.501443
2024-03-08,0.209686,0.259095,0.290593,0.541988
2024-03-09,0.194956,0.257284,0.298517,0.544599
2024-03-10,0.194808,0.217482,0.290490,0.545650
2024-03-11,0.171557,0.214802,0.289196,0.558420
2024-03-12,0.171327,0.209315,0.287886,0.550213
2024-03-13,0.172050,0.209921,0.268823,0.545972
2024-03-14,0.181630,0.212825,0.271164,0.541509
2024-03-15,0.181437,0.216183,0.271928,0.537567
2024-03-16,0.196870,0.213414,0.278409,0.569089
2024-03-17,0.201155,0.209557,0.276538,0.560808
2024-03-18,0.192070,0.221190,0.278056,0.586941
2024-03-19,0.186487,0.217878,0.265836,0.586126
2024-03-20,0.188111,0.211057,0.266845,0.585457
2024-03-21,0.188070,0.210131,0.272331,0.585689
2024-03-22,0.191099,0.219258,0.276644,0.612008
2024-03-23,0.189908,0.240557,0.272844,0.577407
2024-03-24,0.196998,0.224978,0.269742,0.575033
2024-03-25,0.189399,0.229923,0.251146,0.574478
2024-03-26,0.191193,0.236199,0.269039,0.576012
2024-03-27,0.190969,0.238360,0.269623,0.556388
2024-03-28,0.191860,0.235388,0.269894,0.561519
2024-03-29,0.192297,0.254016,0.285903,0.555036
2024-03-30,0.188695,0.255321,0.254292,0.551705
2024-03-31,0.176777,0.256960,0.249898,0.549495
2024-04-01,0.176414,0.251195,0.249816,0.550257
2024-04-02,0.186938,0.252269,0.250413,0.536893
2024-04-03,0.173799,0.260678,0.250651,0.538583
2024-04-04,0.171330,0.326463,0.261572,0.526659
2024-04-05,0.183039,0.328432,0.261506,0.525311
2024-04-06,0.188222,0.327700,0.259867,0.535447
2024-04-07,0.181739,0.327896,0.263473,0.494831
2024-04-08,0.186298,0.323116,0.261330,0.493358
2024-04-09,0.181294,0.319034,0.258852,0.492177
2024-04-10,0.177342,0.325410,0.252107,0.498315
2024-04-11,0.174601,0.325822,0.250044,0.507814
2024-04-12,0.174743,0.328179,0.266230,0.509089
2024-04-13,0.171661,0.324488,0.266268,0.506657
2024-04-14,0.170963,0.319996,0.263124,0.492988
2024-04-15,0.173104,0.318710,0.267020,0.466755
2024-04-16,0.164453,0.318298,0.266935,0.489281
2024-04-17,0.166810,0.300805,0.266782,0.438172
2024-04-18,0.169868,0.300842,0.272570,0.487617
2024-04-19,0.169843,0.303452,0.282952,0.479146
2024-04-20,0.183932,0.301831,0.287656,0.487059
2024-04-21,0.184152,0.308756,0.284255,0.460656
2024-04-22,0.181383,0.296994,0.273385,0.458463
2024-04-23,0.179686,0.297001,0.271745,0.463068
2024-04-24,0.179300,0.298295,0.271080,0.496411
2024-04-25,0.178145,0.293002,0.252283,0.498329
2024-04-26,0.178106,0.305115,0.261302,0.495458
2024-04-27,0.180527,0.310910,0.261385,0.490576
2024-04-28,0.180357,0.293400,0.238042,0.486270
2024-04-29,0.188627,0.293425,0.228525,0.484761
2024-04-30,0.190957,0.291583,0.228209,0.484418
2024-05-01,0.207781,0.291033,0.231143,0.503934
2024-05-02,0.203139,0.300935,0.229815,0.516944
2024-05-03,0.203075,0.300139,0.281469,0.551823
2024-05-04,0.206334,0.227036,0.267132,0.552142
2024-05-05,0.197321,0.222249,0.289993,0.562692
2024-05-06,0.193902,0.223231,0.291005,0.562391
2024-05-07,0.199903,0.224305,0.302268,0.559862
2024-05-08,0.187417,0.227269,0.315683,0.584054
2024-05-09,0.189445,0.225216,0.317636,0.589751
2024-05-10,0.198119,0.209167,0.318764,0.576168
2024-05-11,0.196249,0.212428,0.321440,0.568989
2024-05-12,0.195895,0.206990,0.313704,0.572143
2024-05-13,0.196904,0.206976,0.329187,0.569807
2024-05-14,0.197361,0.207039,0.329461,0.569617
2024-05-15,0.184098,0.210514,0.344700,0.596121
2024-05-16,0.183923,0.213437,0.350853,0.587844
2024-05-17,0.183407,0.231808,0.352742,0.595214
2024-05-18,0.180560,0.234864,0.349324,0.555976
2024-05-19,0.189406,0.234150,0.341545,0.555884
2024-05-20,0.184093,0.234144,0.343464,0.551315
2024-05-21,0.181670,0.226537,0.346234,0.550396
2024-05-22,0.180532,0.226286,0.353779,0.551021
2024-05-23,0.182751,0.225296,0.349680,0.545453
2024-05-24,0.184791,0.216052,0.360059,0.510280
2024-05-25,0.183776,0.228394,0.360064,0.501333
2024-05-26,0.193750,0.221237,0.352802,0.513265
2024-05-27,0.192921,0.217204,0.352926,0.513750
2024-05-28,0.194080,0.216251,0.366515,0.528321
2024-05-29,0.189396,0.215684,0.368074,0.532721
2024-05-30,0.198551,0.214672,0.367931,0.535709
2024-05-31,0.179465,0.216989,0.372960,0.526833
2024-06-01,0.177902,0.214842,0.386282,0.517394
2024-06-02,0.177165,0.209339,0.343719,0.478184
2024-06-03,0.175657,0.210491,0.341446,0.481451
2024-06-04,0.188975,0.214432,0.329424,0.472659
2024-06-05,0.191287,0.211976,0.328632,0.481963
2024-06-06,0.196166,0.210113,0.314632,0.480328
2024-06-07,0.193177,0.208196,0.308530,0.472428
2024-06-08,0.190263,0.216075,0.323591,0.470232
2024-06-09,0.183402,0.220052,0.320108,0.477184
2024-06-10,0.184109,0.218857,0.320757,0.476448
2024-06-11,0.186025,0.220446,0.319198,0.480178
2024-06-12,0.184387,0.227293,0.314761,0.464558
2024-06-13,0.184311,0.224623,0.316056,0.469193
2024-06-14,0.197746,0.217184,0.300872,0.456856
2024-06-15,0.199620,0.217755,0.306032,0.446692
2024-06-16,0.198849,0.206656,0.302460,0.435907
2024-06-17,0.197686,0.229170,0.300802,0.437855
2024-06-18,0.183770,0.228938,0.301460,0.436325
2024-06-19,0.187784,0.226679,0.295084,0.454130
2024-06-20,0.188034,0.231014,0.297336,0.490958
2024-06-21,0.188585,0.229023,0.285708,0.495249
2024-06-22,0.178018,0.225074,0.284082,0.496872
2024-06-23,0.174227,0.227776,0.280799,0.497163
2024-06-24,0.173661,0.229426,0.285753,0.499831
2024-06-25,0.173035,0.230397,0.305193,0.482707
2024-06-26,0.172000,0.246345,0.305772,0.491692
2024-06-27,0.179057,0.251539,0.297639,0.474538
2024-06-28,0.189192,0.262829,0.299650,0.503436
2024-06-29,0.183082,0.276874,0.301287,0.504717
2024-06-30,0.177558,0.275889,0.296583,0.494034
2024-07-01,0.177557,0.268918,0.299010,0.508734
2024-07-02,0.176488,0.267891,0.297388,0.515018
2024-07-03,0.176225,0.267192,0.297504,0.515429
2024-07-04,0.168724,0.264531,0.297139,0.495180
2024-07-05,0.178088,0.264694,0.297188,0.478843
2024-07-06,0.170945,0.264035,0.310876,0.476288
2024-07-07,0.171169,0.265165,0.322848,0.480423
2024-07-08,0.171521,0.257815,0.296816,0.485848
2024-07-09,0.164620,0.253442,0.294369,0.486297
2024-07-10,0.181970,0.253991,0.300335,0.484427
2024-07-11,0.181260,0.251956,0.303543,0.474900
2024-07-12,0.184648,0.263113,0.306337,0.488301
2024-07-13,0.185146,0.258748,0.306095,0.485759
2024-07-14,0.173874,0.256711,0.305749,0.464585
2024-07-15,0.198005,0.254896,0.300605,0.462049
2024-07-16,0.198366,0.255258,0.326622,0.487795
2024-07-17,0.204998,0.250730,0.330655,0.494728
2024-07-18,0.207098,0.250681,0.347040,0.506447
2024-07-19,0.205735,0.252761,0.357162,0.492447
2024-07-20,0.206891,0.244206,0.371939,0.471241
2024-07-21,0.213191,0.241617,0.369050,0.477818
2024-07-22,0.214740,0.236178,0.368868,0.486475
2024-07-23,0.215516,0.227341,0.360807,0.501107
2024-07-24,0.215896,0.237940,0.349622,0.500523
2024-07-25,0.216644,0.228581,0.339041,0.496400
2024-07-26,0.219417,0.220208,0.344443,0.516100
2024-07-27,0.212869,0.216608,0.332686,0.519086
2024-07-28,0.210738,0.209611,0.332447,0.481448
2024-07-29,0.209169,0.195732,0.333935,0.473877
2024-07-30,0.205602,0.196048,0.335799,0.478290
2024-07-31,0.205506,0.189597,0.323286,0.469113
2024-08-01,0.222546,0.207852,0.323879,0.463976
2024-08-02,0.223613,0.212199,0.325731,0.462660
2024-08-03,0.230835,0.213484,0.318016,0.466878
2024-08-04,0.217576,0.213530,0.333533,0.473260
2024-08-05,0.217754,0.213880,0.323556,0.473274
2024-08-06,0.224337,0.232415,0.317461,0.452400
2024-08-07,0.225956,0.232861,0.329994,0.446406
2024-08-08,0.227081,0.243717,0.330732,0.450494
2024-08-09,0.218359,0.242218,0.324757,0.451299
2024-08-10,0.222784,0.246462,0.323157,0.451317
2024-08-11,0.229880,0.225185,0.317591,0.432940
2024-08-12,0.230743,0.225762,0.322443,0.445364
2024-08-13,0.239160,0.223198,0.326279,0.446872
2024-08-14,0.221149,0.220195,0.328801,0.472634
2024-08-15,0.222548,0.220393,0.310809,0.454642
2024-08-16,0.216267,0.232060,0.309421,0.452545
2024-08-17,0.216457,0.236485,0.296928,0.452039
2024-08-18,0.219681,0.244403,0.282063,0.444049
2024-08-19,0.236901,0.244600,0.259534,0.455736
2024-08-20,0.228806,0.248972,0.257793,0.457452
2024-08-21,0.229684,0.250079,0.258231,0.524522
2024-08-22,0.230593,0.250554,0.258735,0.557844
2024-08-23,0.229929,0.248602,0.258996,0.559396
2024-08-24,0.229544,0.249444,0.260600,0.558855
2024-08-25,0.223509,0.247777,0.254711,0.538645
2024-08-26,0.227823,0.250170,0.247822,0.534285
2024-08-27,0.219778,0.249358,0.251969,0.535265
2024-08-28,0.219958,0.249990,0.250768,0.538358
2024-08-29,0.222431,0.250994,0.267688,0.537008
2024-08-30,0.230523,0.251587,0.269937,0.531959
2024-08-31,0.221826,0.241567,0.269159,0.541920
2024-09-01,0.224657,0.239359,0.267548,0.567603
2024-09-02,0.206343,0.238913,0.271281,0.570183
2024-09-03,0.207246,0.245241,0.254018,0.563382
2024-09-04,0.209809,0.244870,0.262508,0.568214
2024-09-05,0.209519,0.228095,0.256215,0.568439
2024-09-06,0.212507,0.232212,0.236621,0.572423
2024-09-07,0.212588,0.221042,0.236856,0.566157
2024-09-08,0.218631,0.225257,0.235772,0.562643
2024-09-09,0.218185,0.222624,0.243612,0.563594
2024-09-10,0.222036,0.222667,0.226726,0.564026
2024-09-11,0.224000,0.226260,0.244416,0.560354
2024-09-12,0.226808,0.226168,0.246164,0.562165
2024-09-13,0.220346,0.232535,0.269975,0.537036
2024-09-14,0.224819,0.238200,0.260920,0.513628
2024-09-15,0.229959,0.214023,0.258347,0.506633
2024-09-16,0.229314,0.211320,0.254296,0.514038
2024-09-17,0.224128,0.204092,0.254369,0.514102
2024-09-18,0.202874,0.207336,0.254886,0.520617
2024-09-19,0.202851,0.205244,0.265080,0.507382
2024-09-20,0.200964,0.209422,0.265554,0.469625
2024-09-21,0.203445,0.222926,0.265159,0.433458
2024-09-22,0.204532,0.216360,0.283492,0.432484
2024-09-23,0.193779,0.224008,0.284126,0.435456
2024-09-24,0.198725,0.219675,0.282012,0.432248
2024-09-25,0.195849,0.221176,0.279531,0.442850
2024-09-26,0.200048,0.221026,0.277717,0.442060
2024-09-27,0.211431,0.235262,0.278056,0.441584
2024-09-28,0.209513,0.236810,0.253492,0.495190
2024-09-29,0.199732,0.237514,0.247065,0.496508
2024-09-30,0.208079,0.232069,0.263577,0.510015
2024-10-01,0.205570,0.222979,0.263632,0.511792
2024-10-02,0.205604,0.220057,0.255855,0.534583
2024-10-03,0.212074,0.217488,0.260480,0.545457
2024-10-04,0.208986,0.221447,0.258842,0.553952
2024-10-05,0.208809,0.222781,0.261252,0.568567
2024-10-06,0.206976,0.220380,0.279327,0.565460
2024-10-07,0.221740,0.221063,0.289906,0.562201
2024-10-08,0.216022,0.219327,0.289840,0.573460
2024-10-09,0.215775,0.221497,0.279820,0.567959
2024-10-10,0.213014,0.229202,0.290636,0.559017
2024-10-11,0.211191,0.226140,0.257029,0.559529
2024-10-12,0.238752,0.227473,0.256705,0.624701
2024-10-13,0.238869,0.234852,0.244129,0.604401
2024-10-14,0.236725,0.227624,0.266532,0.603566
2024-10-15,0.230735,0.231156,0.267004,0.596161
2024-10-16,0.232050,0.243889,0.267131,0.618461
2024-10-17,0.235404,0.237381,0.267344,0.641045
2024-10-18,0.240663,0.231245,0.267000,0.636302
2024-10-19,0.241451,0.224995,0.258314,0.623908
2024-10-20,0.243558,0.221878,0.257811,0.651180
2024-10-21,0.235986,0.220796,0.261537,0.658077
2024-10-22,0.235621,0.217995,0.250136,0.660999
2024-10-23,0.235589,0.205416,0.248393,0.661175
2024-10-24,0.231767,0.207460,0.246914,0.664562
2024-10-25,0.229936,0.203318,0.240762,0.664898
2024-10-26,0.232418,0.210399,0.249224,0.664926
2024-10-27,0.230740,0.195824,0.247953,0.665977
2024-10-28,0.229517,0.193098,0.266635,0.619758
2024-10-29,0.229988,0.191813,0.266401,0.618672
2024-10-30,0.228642,0.189010,0.243617,0.631592
2024-10-31,0.228709,0.188815,0.244463,0.609537
2024-11-01,0.228697,0.193666,0.248852,0.582802
2024-11-02,0.221189,0.195415,0.247060,0.575925
2024-11-03,0.218407,0.205532,0.251161,0.558496
2024-11-04,0.234987,0.210515,0.261906,0.548020
2024-11-05,0.237741,0.214463,0.245685,0.559703
2024-11-06,0.232763,0.216535,0.233060,0.550380
2024-11-07,0.234875,0.216096,0.237283,0.531273
2024-11-08,0.234558,0.214235,0.249840,0.531518
2024-11-09,0.228371,0.211748,0.241787,0.538720
2024-11-10,0.227972,0.212428,0.244964,0.535164
2024-11-11,0.186330,0.227270,0.245476,0.465627
2024-11-12,0.183921,0.232003,0.245868,0.470213
2024-11-13,0.184935,0.250698,0.213838,0.487085
2024-11-14,0.195126,0.248645,0.223955,0.488524
2024-11-15,0.193417,0.235917,0.220452,0.454877
2024-11-16,0.197239,0.239233,0.226966,0.428053
2024-11-17,0.197549,0.258518,0.242394,0.435010
2024-11-18,0.198737,0.264169,0.244360,0.438382
2024-11-19,0.205248,0.269027,0.264631,0.389327
2024-11-20,0.205198,0.267215,0.263673,0.372149
2024-11-21,0.205193,0.280580,0.263090,0.362559
2024-11-22,0.206796,0.280906,0.277384,0.362709
2024-11-23,0.207176,0.282456,0.268991,0.349234
2024-11-24,0.211022,0.283576,0.266757,0.348221
2024-11-25,0.221051,0.277415,0.274610,0.351407
2024-11-26,0.211277,0.279318,0.284221,0.347981
2024-11-27,0.231984,0.281724,0.273837,0.345256
2024-11-28,0.242872,0.281632,0.280305,0.386982
2024-11-29,0.238145,0.281660,0.286163,0.346136
2024-11-30,0.238115,0.283585,0.301456,0.388638
2024-12-01,0.236973,0.298995,0.303634,0.388646
2024-12-02,0.245699,0.295962,0.306355,0.389111
2024-12-03,0.251134,0.291495,0.303972,0.397142
2024-12-04,0.232732,0.286745,0.299884,0.395426
2024-12-05,0.267632,0.290800,0.304086,0.370999
2024-12-06,0.266929,0.291139,0.307482,0.389441
2024-12-07,0.265815,0.291259,0.305420,0.391167
2024-12-08,0.267296,0.290796,0.301875,0.413203
2024-12-09,0.267664,0.293122,0.296301,0.397075
2024-12-10,0.267502,0.299180,0.297253,0.405813
2024-12-11,0.274202,0.294115,0.299534,0.409572
2024-12-12,0.274248,0.284112,0.287298,0.417833
2024-12-13,0.276155,0.265491,0.282653,0.416386
2024-12-14,0.262346,0.266123,0.307296,0.407742
2024-12-15,0.256953,0.264972,0.305874,0.413885
2024-12-16,0.255945,0.263493,0.308753,0.425289
2024-12-17,0.255970,0.249756,0.285833,0.432819
2024-12-18,0.256017,0.250134,0.285452,0.438256
2024-12-19,0.255091,0.245331,0.278822,0.459312
2024-12-20,0.259501,0.247031,0.277327,0.460523
2024-12-21,0.262112,0.227243,0.271166,0.478322
2024-12-22,0.256557,0.228210,0.269920,0.483007
2024-12-23,0.268897,0.228130,0.268864,0.475540
2024-12-24,0.254192,0.227555,0.266920,0.490399
2024-12-25,0.251960,0.227188,0.266534,0.491027
2024-12-26,0.252027,0.226185,0.270942,0.492983
2024-12-27,0.246952,0.225230,0.266864,0.498945
2024-12-28,0.244615,0.235825,0.252163,0.506216
2024-12-29,0.249334,0.237662,0.261370,0.518257
2024-12-30,0.249952,0.234632,0.263865,0.490487
2024-12-31,0.249346,0.216723,0.250672,0.499734
2025-01-01,0.229586,0.224186,0.253300,0.501791
2025-01-02,0.230076,0.219437,0.253599,0.500941
2025-01-03,0.227879,0.218103,0.252695,0.501814
2025-01-04,0.216497,0.212306,0.250085,0.545698
2025-01-05,0.222567,0.214738,0.252783,0.540932
2025-01-06,0.222831,0.215829,0.253286,0.582055
2025-01-07,0.224882,0.236269,0.260960,0.575598
2025-01-08,0.222226,0.234811,0.258503,0.575815
2025-01-09,0.221693,0.234211,0.264277,0.545749
2025-01-10,0.210236,0.229629,0.260166,0.535896
2025-01-11,0.213569,0.229118,0.270808,0.534820
2025-01-12,0.199258,0.227139,0.270221,0.538203
2025-01-13,0.197401,0.237880,0.244329,0.538422
2025-01-14,0.203275,0.239190,0.258192,0.537165
2025-01-15,0.202073,0.232923,0.253076,0.539160
2025-01-16,0.202858,0.237454,0.258989,0.537636
2025-01-17,0.202849,0.232682,0.259236,0.545800
2025-01-18,0.201774,0.234887,0.273407,0.546230
2025-01-19,0.195734,0.232684,0.279902,0.546512
2025-01-20,0.190338,0.237597,0.274477,0.538440
2025-01-21,0.190516,0.236448,0.275950,0.536773
2025-01-22,0.170749,0.234915,0.276306,0.545626
2025-01-23,0.172849,0.273411,0.281792,0.540217
2025-01-24,0.171445,0.277257,0.286694,0.546075
2025-01-25,0.171554,0.277926,0.281414,0.545393
2025-01-26,0.169477,0.278292,0.281833,0.543226
2025-01-27,0.168993,0.271095,0.282081,0.505263
2025-01-28,0.168296,0.271654,0.293588,0.482398
2025-01-29,0.183963,0.272056,0.278351,0.481515
2025-01-30,0.185604,0.268962,0.276621,0.475775
2025-01-31,0.191344,0.258348,0.276982,0.475732
2025-02-01,0.190190,0.272627,0.286325,0.480147
2025-02-02,0.189867,0.273018,0.305850,0.489381
2025-02-03,0.185425,0.270954,0.306019,0.429474
2025-02-04,0.178578,0.267043,0.299959,0.412692
2025-02-05,0.182456,0.265221,0.304437,0.402587
2025-02-06,0.182494,0.253149,0.300841,0.391711
2025-02-07,0.180494,0.251536,0.305003,0.381632
2025-02-08,0.181140,0.244955,0.299522,0.382494
2025-02-09,0.182366,0.267714,0.302994,0.410441
2025-02-10,0.181073,0.274726,0.290373,0.417217
2025-02-11,0.180509,0.275624,0.289072,0.434490
2025-02-12,0.183294,0.273713,0.300357,0.436875
2025-02-13,0.176240,0.288642,0.311485,0.457991
2025-02-14,0.178130,0.287620,0.315077,0.461922
2025-02-15,0.176809,0.288462,0.312877,0.462486
2025-02-16,0.181282,0.307726,0.313271,0.448631
2025-02-17,0.180277,0.307385,0.295723,0.450499
2025-02-18,0.178943,0.302760,0.292469,0.449620
2025-02-19,0.179258,0.300694,0.292474,0.481462
2025-02-20,0.175930,0.300782,0.291097,0.482044
2025-02-21,0.184178,0.304253,0.296109,0.472522
2025-02-22,0.185566,0.275383,0.310368,0.462289
2025-02-23,0.191343,0.273122,0.306921,0.454912
2025-02-24,0.191262,0.278662,0.308720,0.444483
2025-02-25,0.195508,0.282877,0.307590,0.457021
2025-02-26,0.193692,0.283074,0.307622,0.487789
2025-02-27,0.182454,0.289710,0.282113,0.492724
2025-02-28,0.171120,0.295969,0.281388,0.495990
2025-03-01,0.170568,0.296029,0.287973,0.495076
2025-03-02,0.168591,0.298976,0.285121,0.496103
2025-03-03,0.178676,0.288607,0.284350,0.515801
2025-03-04,0.176883,0.289121,0.269881,0.501669
2025-03-05,0.158639,0.289019,0.273982,0.499411
2025-03-06,0.182372,0.288916,0.274463,0.519702
2025-03-07,0.179335,0.289347,0.271292,0.516086
2025-03-08,0.182282,0.278023,0.257303,0.514638
2025-03-09,0.186595,0.276957,0.249892,0.520371
2025-03-10,0.188093,0.272957,0.251296,0.519599
2025-03-11,0.187149,0.254438,0.254661,0.497424
2025-03-12,0.185680,0.253225,0.252629,0.493989
2025-03-13,0.188410,0.257347,0.258411,0.479668
2025-03-14,0.188131,0.249768,0.242081,0.487557
2025-03-15,0.186656,0.249564,0.236032,0.473385
2025-03-16,0.174426,0.254373,0.231795,0.464006
2025-03-17,0.174414,0.254654,0.228115,0.462429
2025-03-18,0.170039,0.239455,0.229165,0.461811
2025-03-19,0.169557,0.253764,0.231510,0.454167
2025-03-20,0.170691,0.251656,0.261621,0.475104
2025-03-21,0.174674,0.260779,0.261717,0.448989
2025-03-22,0.194197,0.263342,0.261686,0.449096
2025-03-23,0.191477,0.254522,0.258454,0.445855
2025-03-24,0.200744,0.255256,0.235374,0.444085
2025-03-25,0.198816,0.256862,0.233477,0.442469
2025-03-26,0.198072,0.263643,0.230553,0.442454
2025-03-27,0.196591,0.261998,0.228951,0.438282
2025-03-28,0.213564,0.271124,0.229125,0.426243
2025-03-29,0.213106,0.261662,0.220481,0.424232
2025-03-30,0.220229,0.256866,0.220036,0.422224
2025-03-31,0.219975,0.263626,0.232497,0.424246
2025-04-01,0.217598,0.262043,0.232237,0.423335
2025-04-02,0.221647,0.270015,0.232223,0.388438
2025-04-03,0.223919,0.267108,0.236593,0.418344
2025-04-04,0.221517,0.268119,0.233239,0.429391
2025-04-05,0.200661,0.267770,0.237170,0.409333
2025-04-06,0.214127,0.272332,0.234223,0.390908
2025-04-07,0.210241,0.264583,0.236319,0.403133
2025-04-08,0.210373,0.267180,0.237014,0.412788
2025-04-09,0.207494,0.272607,0.263587,0.412972
2025-04-10,0.207364,0.277310,0.265986,0.410405
2025-04-11,0.206784,0.275625,0.267052,0.408901
2025-04-12,0.203526,0.266762,0.264906,0.421145
2025-04-13,0.204642,0.266758,0.269067,0.425197
2025-04-14,0.205766,0.243636,0.260275,0.462287
2025-04-15,0.205883,0.242892,0.299092,0.462107
2025-04-16,0.215606,0.238784,0.298685,0.469309
2025-04-17,0.213663,0.234018,0.300790,0.468518
2025-04-18,0.212021,0.224646,0.307664,0.457234
2025-04-19,0.212127,0.240780,0.293318,0.439112
2025-04-20,0.207126,0.225938,0.313680,0.435139
2025-04-21,0.181817,0.240050,0.317731,0.430766
2025-04-22,0.186090,0.241378,0.316688,0.431968
2025-04-23,0.194446,0.247350,0.322817,0.432385
2025-04-24,0.197970,0.246827,0.340048,0.466471
2025-04-25,0.199059,0.236699,0.342174,0.466554
2025-04-26,0.203750,0.244348,0.340671,0.461618
2025-04-27,0.188563,0.236183,0.344176,0.489552
2025-04-28,0.187727,0.236314,0.350803,0.496714
2025-04-29,0.187622,0.241938,0.351009,0.500815
2025-04-30,0.187970,0.244688,0.340207,0.501308
2025-05-01,0.196771,0.242346,0.345244,0.503393
2025-05-02,0.182715,0.226971,0.342988,0.544069
2025-05-03,0.182110,0.227452,0.343173,0.512616
2025-05-04,0.185922,0.226782,0.342580,0.518346
2025-05-05,0.193937,0.226144,0.342190,0.514960
2025-05-06,0.186662,0.221384,0.341226,0.505701
2025-05-07,0.189263,0.221045,0.339265,0.503840
2025-05-08,0.183015,0.230134,0.340100,0.495566
2025-05-09,0.181947,0.227489,0.336054,0.504371
2025-05-10,0.180805,0.233515,0.329980,0.525625
2025-05-11,0.181757,0.233914,0.333139,0.531988
2025-05-12,0.180293,0.233755,0.332503,0.531900
2025-05-13,0.180240,0.239328,0.329681,0.522338
2025-05-14,0.175543,0.237542,0.324140,0.478282
2025-05-15,0.175747,0.243423,0.288899,0.481802
2025-05-16,0.174156,0.243808,0.288136,0.485515
2025-05-17,0.175769,0.244980,0.284536,0.499960
2025-05-18,0.183933,0.241544,0.277232,0.504379
2025-05-19,0.180842,0.223639,0.270060,0.541387
2025-05-20,0.183165,0.227755,0.247990,0.540255
2025-05-21,0.195416,0.218848,0.239685,0.600507
2025-05-22,0.184302,0.220352,0.238588,0.615125
2025-05-23,0.191943,0.205230,0.228126,0.632179
2025-05-24,0.191094,0.207761,0.193885,0.613527
2025-05-25,0.191723,0.206269,0.186243,0.613534
2025-05-26,0.192796,0.207029,0.192491,0.617749
2025-05-27,0.192771,0.206833,0.221172,0.584783
2025-05-28,0.202587,0.207003,0.221113,0.575265
2025-05-29,0.201868,0.196186,0.222729,0.575786
2025-05-30,0.199735,0.184668,0.222204,0.593273
2025-05-31,0.201611,0.185418,0.217983,0.588740
2025-06-01,0.206834,0.186273,0.226891,0.547838
2025-06-02,0.210325,0.187944,0.223202,0.554825
2025-06-03,0.211904,0.189995,0.221411,0.554697
2025-06-04,0.206177,0.188863,0.223627,0.567320
2025-06-05,0.197708,0.196829,0.240308,0.583036
2025-06-06,0.197181,0.197491,0.237972,0.595975
2025-06-07,0.198783,0.182582,0.247124,0.608347
2025-06-08,0.197888,0.184171,0.228200,0.605532
2025-06-09,0.198021,0.170970,0.227260,0.591671
2025-06-10,0.196034,0.180041,0.216342,0.582670
2025-06-11,0.196010,0.202171,0.211312,0.566612
2025-06-12,0.196210,0.199574,0.218367,0.576252
2025-06-13,0.197002,0.200591,0.216932,0.574087
2025-06-14,0.197398,0.189544,0.216841,0.562930
2025-06-15,0.193006,0.185936,0.225592,0.599205
2025-06-16,0.197361,0.186731,0.230470,0.619892
2025-06-17,0.189483,0.196514,0.233814,0.620628
2025-06-18,0.189565,0.193676,0.240875,0.607959
2025-06-19,0.197921,0.191715,0.239668,0.606239
2025-06-20,0.184250,0.194694,0.239568,0.521479
2025-06-21,0.184138,0.192433,0.242807,0.581058
2025-06-22,0.173645,0.223873,0.239653,0.570823
2025-06-23,0.175405,0.224539,0.242480,0.580731
2025-06-24,0.175061,0.221599,0.235403,0.581853
2025-06-25,0.170773,0.219474,0.217717,0.578235
2025-06-26,0.170391,0.228613,0.206764,0.575653
2025-06-27,0.155542,0.227216,0.204951,0.580365
2025-06-28,0.161830,0.236079,0.207243,0.574378
2025-06-29,0.162162,0.243932,0.208000,0.543075
2025-06-30,0.150534,0.247055,0.214754,0.543757
2025-07-01,0.145592,0.250096,0.237959,0.542941
2025-07-02,0.148413,0.252721,0.238249,0.543118
2025-07-03,0.147072,0.249259,0.247125,0.594584
2025-07-04,0.146081,0.261521,0.244667,0.578617
2025-07-05,0.149302,0.257874,0.234616,0.575250
2025-07-06,0.194719,0.260161,0.234592,0.561084
2025-07-07,0.193546,0.259618,0.228976,0.546913
2025-07-08,0.198977,0.263034,0.229663,0.547377
2025-07-09,0.197692,0.276351,0.227380,0.542953
2025-07-10,0.197376,0.274892,0.228869,0.571437
2025-07-11,0.200079,0.252620,0.229733,0.573374
2025-07-12,0.202601,0.253360,0.227620,0.565889
2025-07-13,0.201760,0.253476,0.241055,0.565525
2025-07-14,0.209624,0.253608,0.249987,0.566437
2025-07-15,0.210671,0.253332,0.239020,0.528116
2025-07-16,0.208486,0.258020,0.230508,0.493631
2025-07-17,0.211125,0.252888,0.229219,0.490873
2025-07-18,0.212351,0.272998,0.216280,0.494770
2025-07-19,0.217690,0.275469,0.223563,0.518528
2025-07-20,0.219377,0.275405,0.225565,0.521113
2025-07-21,0.216797,0.318989,0.229787,0.476698
2025-07-22,0.218130,0.299718,0.230213,0.568072
2025-07-23,0.217607,0.307681,0.231776,0.559015
2025-07-24,0.220544,0.308404,0.230389,0.562251
2025-07-25,0.220741,0.308781,0.230014,0.563236
2025-07-26,0.222876,0.301844,0.225075,0.560181
2025-07-27,0.227545,0.301945,0.229787,0.560724
2025-07-28,0.223785,0.299360,0.228647,0.560644
2025-07-29,0.223804,0.296535,0.230308,0.561850
2025-07-30,0.225044,0.294376,0.225006,0.561714
2025-07-31,0.225521,0.291436,0.206678,0.569219
2025-08-01,0.226636,0.289206,0.207343,0.572965
2025-08-02,0.223318,0.291121,0.199614,0.521082
2025-08-03,0.223944,0.285052,0.215165,0.557592
2025-08-04,0.218994,0.294030,0.218948,0.555049
2025-08-05,0.185662,0.288912,0.213954,0.550708
2025-08-06,0.186730,0.305487,0.214760,0.556515
2025-08-07,0.186792,0.296217,0.226710,0.557849
2025-08-08,0.191972,0.295191,0.225974,0.557780
2025-08-09,0.200050,0.292208,0.224979,0.531302
2025-08-10,0.198241,0.292280,0.222602,0.536414
2025-08-11,0.198062,0.302304,0.241472,0.549357
2025-08-12,0.198557,0.302305,0.225395,0.544037
2025-08-13,0.197016,0.301540,0.216951,0.544820
2025-08-14,0.195446,0.298719,0.218815,0.543997
2025-08-15,0.196668,0.298384,0.218742,0.547946
2025-08-16,0.194832,0.302742,0.222609,0.547809
2025-08-17,0.193394,0.288190,0.219638,0.529412
2025-08-18,0.177900,0.300481,0.221079,0.516606
2025-08-19,0.177302,0.298830,0.217858,0.505582
2025-08-20,0.180535,0.239462,0.221671,0.495500
2025-08-21,0.176535,0.237940,0.224691,0.404723
2025-08-22,0.176681,0.234380,0.222665,0.405735
2025-08-23,0.172385,0.231509,0.227645,0.393687
2025-08-24,0.203916,0.230589,0.227307,0.393657
2025-08-25,0.203638,0.230238,0.233143,0.388349
2025-08-26,0.196390,0.228141,0.231400,0.387901
2025-08-27,0.199506,0.226754,0.244496,0.402376
2025-08-28,0.205361,0.223782,0.245938,0.397162
2025-08-29,0.204186,0.223658,0.245965,0.397934
2025-08-30,0.219041,0.223864,0.243745,0.392480
2025-08-31,0.211976,0.224598,0.244957,0.381555
2025-09-01,0.216188,0.226635,0.239470,0.382905
2025-09-02,0.216005,0.224116,0.223375,0.360641
2025-09-03,0.214071,0.227438,0.222053,0.351385
2025-09-04,0.212869,0.228975,0.237277,0.351546
2025-09-05,0.210990,0.208600,0.242533,0.342350
2025-09-06,0.216024,0.209132,0.232048,0.342498
2025-09-07,0.217385,0.197781,0.230697,0.393070
2025-09-08,0.208275,0.197744,0.270833,0.396664
2025-09-09,0.208233,0.210636,0.270675,0.392016
2025-09-10,0.206640,0.199072,0.254435,0.375982
2025-09-11,0.206773,0.199917,0.267037,0.375605
2025-09-12,0.207050,0.200435,0.266323,0.382505
2025-09-13,0.208618,0.200445,0.270728,0.416702
2025-09-14,0.215696,0.198924,0.271044,0.425044
2025-09-15,0.215279,0.192431,0.267426,0.436844
2025-09-16,0.231270,0.197821,0.265305,0.439601
2025-09-17,0.240351,0.183283,0.267585,0.430570
2025-09-18,0.239079,0.194989,0.274620,0.427647
2025-09-19,0.242775,0.194826,0.276978,0.424950
2025-09-20,0.242999,0.214182,0.276060,0.404225
2025-09-21,0.247307,0.213847,0.279115,0.401083
2025-09-22,0.247074,0.213206,0.272809,0.406042
2025-09-23,0.222974,0.222856,0.272782,0.419575
2025-09-24,0.224012,0.225710,0.273826,0.419453
2025-09-25,0.224398,0.221545,0.282730,0.425084
2025-09-26,0.237444,0.220078,0.277288,0.513953
2025-09-27,0.234582,0.226167,0.281651,0.523731
2025-09-28,0.234720,0.224210,0.282022,0.521975
2025-09-29,0.221286,0.229412,0.281787,0.521965
2025-09-30,0.221370,0.228424,0.299887,0.551634
2025-10-01,0.217676,0.226346,0.302753,0.551149
2025-10-02,0.220569,0.223383,0.301927,0.541865
2025-10-03,0.223520,0.214265,0.301004,0.538090
2025-10-04,0.226052,0.216355,0.291215,0.538140
2025-10-05,0.231712,0.215761,0.294886,0.536915
2025-10-06,0.224033,0.226574,0.295027,0.534500
2025-10-07,0.218588,0.229670,0.296041,0.543902
2025-10-08,0.219027,0.231017,0.264273,0.541304
2025-10-09,0.220566,0.220470,0.277137,0.545150
2025-10-10,0.225583,0.218118,0.290491,0.545161
2025-10-11,0.225155,0.224698,0.276961,0.545150
2025-10-12,0.225583,0.226866,0.277750,0.538305
2025-10-13,0.224180,0.237539,0.284654,0.503241
2025-10-14,0.219483,0.242064,0.283334,0.500898
2025-10-15,0.219115,0.245636,0.282582,0.513551
2025-10-16,0.210049,0.240259,0.295866,0.511643
2025-10-17,0.195273,0.264038,0.296434,0.522977
2025-10-18,0.193903,0.253620,0.285952,0.522157
2025-10-19,0.187937,0.256119,0.281572,0.529017
2025-10-20,0.188308,0.243066,0.280405,0.562190
2025-10-21,0.186266,0.243836,0.286932,0.583905
2025-10-22,0.188752,0.248700,0.286691,0.594588
2025-10-23,0.186933,0.239527,0.288616,0.610400
2025-10-24,0.188281,0.239586,0.288110,0.610298
2025-10-25,0.195194,0.240330,0.276051,0.607969
2025-10-26,0.179859,0.240314,0.278709,0.519809
2025-10-27,0.176610,0.242649,0.272305,0.516246
2025-10-28,0.178850,0.250401,0.297053,0.516386
2025-10-29,0.177477,0.249393,0.301435,0.523273
2025-10-30,0.179143,0.249463,0.283573,0.484567
2025-10-31,0.178474,0.248923,0.284898,0.484414
2025-11-01,0.176448,0.273706,0.298653,0.476045
2025-11-02,0.171653,0.276630,0.302139,0.476709
2025-11-03,0.173537,0.280002,0.302400,0.491763
2025-11-04,0.181293,0.284738,0.302341,0.491824
2025-11-05,0.182193,0.277266,0.305301,0.494822
2025-11-06,0.178295,0.277315,0.320047,0.441326
2025-11-07,0.174631,0.307427,0.321156,0.455351
2025-11-08,0.175361,0.312417,0.313304,0.445504
2025-11-09,0.176193,0.310493,0.303133,0.455722
2025-11-10,0.178994,0.305462,0.304842,0.466671
2025-11-11,0.178533,0.304838,0.305936,0.466105
2025-11-12,0.180326,0.299419,0.296493,0.480520
2025-11-13,0.182550,0.296504,0.300541,0.482381
2025-11-14,0.182360,0.300019,0.299656,0.470721
2025-11-15,0.169624,0.299445,0.293178,0.471355
2025-11-16,0.171631,0.275124,0.293141,0.484010
2025-11-17,0.180392,0.275252,0.294953,0.490751
2025-11-18,0.181084,0.274516,0.300452,0.481936
2025-11-19,0.204225,0.275861,0.301042,0.459536
2025-11-20,0.203351,0.282863,0.286088,0.464507
2025-11-21,0.205875,0.277607,0.305249,0.452208
2025-11-22,0.206951,0.278539,0.306388,0.438811
2025-11-23,0.205372,0.279658,0.309378,0.438174
2025-11-24,0.206224,0.280140,0.310777,0.446629
2025-11-25,0.203667,0.280983,0.322449,0.454726
2025-11-26,0.209366,0.286172,0.321682,0.461548
2025-11-27,0.206592,0.277889,0.306238,0.512559
2025-11-28,0.207912,0.274698,0.294253,0.509783
2025-11-29,0.214298,0.290490,0.305836,0.509793
2025-11-30,0.214240,0.295699,0.306963,0.519697
2025-12-01,0.213786,0.276819,0.329151,0.516503
2025-12-02,0.214334,0.274057,0.331101,0.514666
2025-12-03,0.207809,0.267514,0.331416,0.503575
2025-12-04,0.197178,0.262543,0.323354,0.508909
2025-12-05,0.195687,0.264960,0.319269,0.503703
2025-12-06,0.198073,0.264733,0.301785,0.501467
2025-12-07,0.203791,0.240648,0.297716,0.485421
2025-12-08,0.198715,0.239756,0.299532,0.480286
2025-12-09,0.198783,0.252772,0.295735,0.545370
2025-12-10,0.194369,0.253299,0.310552,0.545946
2025-12-11,0.195102,0.253702,0.307233,0.556095
2025-12-12,0.194720,0.250030,0.305544,0.540219
2025-12-13,0.183233,0.252375,0.316674,0.538025
2025-12-14,0.188370,0.258605,0.323737,0.539015
2025-12-15,0.189611,0.265244,0.328848,0.532418
2025-12-16,0.184121,0.283751,0.326916,0.510843
2025-12-17,0.179953,0.289860,0.328117,0.523566
2025-12-18,0.185955,0.285996,0.321824,0.528608
2025-12-19,0.166446,0.291760,0.320544,0.544443
2025-12-20,0.168514,0.277071,0.321026,0.529088
2025-12-21,0.161212,0.282484,0.310221,0.535813
2025-12-22,0.160842,0.276023,0.310915,0.513634
2025-12-23,0.160781,0.279867,0.308965,0.513615
2025-12-24,0.154623,0.277469,0.306384,0.513635
2025-12-25,0.155256,0.277821,0.293460,0.553866
2025-12-26,0.148071,0.274811,0.293538,0.578298
2025-12-27,0.161060,0.274052,0.291520,0.534701
2025-12-28,0.158054,0.270940,0.292329,0.524041
2025-12-29,0.152131,0.258908,0.287897,0.527418
2025-12-30,0.152612,0.264242,0.284008,0.524525
2025-12-31,0.154819,0.265567,0.251026,0.554138
